1.12825652886852,-0.479537394747125,-0.445407334767733,-0.800631940794324,0,1,0,0,1,0,1,0,0,1,0,0,0,0,0,0,0,0,1,0,0,0,0,0,0,0,0,0,0,0,0,1,0,0,0,0,0
-0.114301428134465,7.19893580506288,1.86470134198396,1.32277270378048,0,0,0,0,1,1,0,0,0,1,0,0,0,0,0,0,0,0,1,0,0,0,0,0,0,0,0,0,1,0,0,0,0,0,0,0,0
-0.114301428134465,-0.479537394747125,-0.445407334767733,0.350470443748243,1,1,1,0,0,0,1,0,0,1,0,0,1,0,0,0,0,0,0,0,0,0,0,0,0,0,0,0,0,0,0,1,0,0,0,0,0
-0.580260662010584,-0.479537394747125,-0.445407334767733,-0.896331458446758,0,0,0,0,1,0,1,0,0,1,0,0,0,0,0,0,0,0,1,0,0,0,0,0,0,0,0,0,0,0,0,1,0,0,0,0,0
-2.211117980577,0.480271755229126,0.709647003608115,-0.497470709778225,0,1,0,0,1,1,0,0,0,1,0,0,0,0,0,0,0,0,1,0,0,0,0,0,0,0,0,0,1,0,0,0,0,0,0,0,0
-2.13345810826431,-0.479537394747125,0.709647003608115,-0.556278031460355,1,1,0,0,1,1,0,0,0,1,0,0,0,0,0,0,1,0,0,0,0,0,0,0,0,0,0,0,1,0,0,0,0,0,0,0,0
-1.0462198958867,-0.479537394747125,-0.445407334767733,-0.832539503301492,0,1,0,0,1,0,1,0,0,1,0,0,0,0,0,0,0,0,1,0,0,0,0,0,0,0,0,0,0,0,0,1,0,0,0,0,0
-0.114301428134465,-0.479537394747125,-0.445407334767733,-0.646966745734622,0,1,0,0,1,0,1,0,0,1,0,0,0,0,0,0,0,0,1,0,0,0,0,0,0,0,0,0,0,0,0,1,0,0,0,0,0
-0.580260662010584,-0.479537394747125,-0.445407334767733,-0.818401974534245,0,1,0,0,1,0,1,0,0,1,0,0,0,0,0,0,0,0,1,0,0,0,0,0,0,0,0,0,0,0,0,1,0,0,0,0,0
0.506977550367027,0.480271755229126,-0.445407334767733,-0.0669108564952874,0,1,0,0,1,1,0,0,0,1,0,0,0,0,0,0,0,0,1,0,0,0,0,0,0,0,0,0,0,0,0,0,1,0,0,0,0
-1.0462198958867,0.480271755229126,3.01975568035981,0.60897662129651,0,0,0,0,1,0,1,0,0,1,0,0,0,0,0,0,0,0,1,0,0,0,0,0,0,0,0,0,0,0,0,1,0,0,0,0,0
-0.114301428134465,0.480271755229126,-0.445407334767733,1.02432812896252,1,1,1,0,0,1,0,0,0,1,0,0,0,1,0,0,0,0,0,0,0,0,0,0,0,0,0,0,0,0,0,0,1,0,0,0,0
2.21549474124613,-0.479537394747125,-0.445407334767733,0.350470443748243,1,1,1,0,0,1,0,0,0,1,0,0,1,0,0,0,0,0,0,0,0,0,0,0,0,0,0,0,1,0,0,0,0,0,0,0,0
1.20591640118121,0.480271755229126,-0.445407334767733,1.50903356237901,1,1,1,0,0,0,1,0,0,1,0,0,1,0,0,0,0,0,0,0,0,0,0,0,0,0,0,0,0,0,0,1,0,0,0,0,0
-0.89090015126133,0.480271755229126,-0.445407334767733,-0.0446731597479676,0,1,0,0,1,1,0,0,0,1,0,0,0,0,0,0,0,0,1,0,0,0,0,0,0,0,0,0,0,0,0,0,1,0,0,0,0
-0.114301428134465,-0.479537394747125,-0.445407334767733,0.393505098169823,0,0,1,0,0,0,1,1,0,0,0,0,0,0,0,0,0,0,1,0,0,0,0,0,0,0,0,0,0,0,0,1,0,0,0,0,0
-0.580260662010584,-0.479537394747125,-0.445407334767733,-0.898941716560972,0,1,0,0,1,0,1,1,0,0,0,0,0,0,0,0,0,0,1,0,0,0,0,0,0,0,0,0,0,0,0,1,0,0,0,0,0
0.390487741897998,-0.479537394747125,-0.445407334767733,-1.00353630701077,0,1,0,0,1,0,1,1,0,0,0,0,0,0,0,0,0,0,1,0,0,0,0,0,0,0,0,0,0,0,0,1,0,0,0,0,0
-0.269621172759838,-0.479537394747125,-0.445407334767733,-0.819367184466804,0,1,0,0,1,0,1,0,0,1,0,0,0,0,0,0,0,0,1,0,0,0,0,0,0,0,0,0,0,0,0,1,0,0,0,0,0
-0.735580406635957,-0.479537394747125,-0.445407334767733,-0.800631940794324,0,0,0,0,1,0,1,0,0,1,0,0,0,0,0,0,0,0,1,0,0,0,0,0,0,0,0,0,0,0,0,1,0,0,0,0,0
-0.502600789697898,1.44008090520538,0.709647003608115,-0.466683068983775,0,1,0,1,0,0,1,0,0,1,0,0,0,0,0,0,0,0,1,0,0,0,0,0,0,0,0,0,0,0,0,1,0,0,0,0,0
-0.114301428134465,-0.479537394747125,-0.445407334767733,-0.818401974534245,0,1,0,0,1,0,1,0,0,1,0,0,0,0,0,0,0,0,1,0,0,0,0,0,0,0,0,0,0,0,0,1,0,0,0,0,0
-0.502600789697898,-0.479537394747125,-0.445407334767733,-0.349499730001547,0,1,0,1,0,0,1,0,0,1,0,0,0,0,0,0,0,0,1,0,0,0,0,0,0,0,0,0,0,0,0,1,0,0,0,0,0
0.506977550367027,0.480271755229126,-0.445407334767733,0.329618878325901,0,1,0,1,0,1,0,0,0,1,0,0,0,0,0,0,0,0,1,0,0,0,0,0,0,0,0,0,0,0,0,0,1,0,0,0,0
-0.424940917385211,1.44008090520538,0.709647003608115,0.367223496815174,0,1,0,1,0,1,0,0,0,1,0,0,0,0,0,0,0,0,1,0,0,0,0,0,0,0,0,0,0,0,0,0,1,0,0,0,0
2.75911384743494,-0.479537394747125,-0.445407334767733,0.350470443748243,1,1,1,0,0,0,1,0,0,1,0,0,0,0,1,0,0,0,0,0,0,0,0,0,0,0,0,0,0,0,0,1,0,0,0,0,0
0.506977550367027,0.480271755229126,0.709647003608115,0.256225697983765,0,1,0,0,1,0,1,0,0,1,0,0,0,0,0,0,0,0,1,0,0,0,0,0,0,0,0,0,0,0,0,1,0,0,0,0,0
-0.735580406635957,-0.479537394747125,-0.445407334767733,-0.81501343889775,0,0,0,0,1,0,1,0,0,1,0,0,0,0,0,0,0,0,1,0,0,0,0,0,0,0,0,0,0,0,0,1,0,0,0,0,0
-0.114301428134465,-0.479537394747125,-0.445407334767733,-0.835489613847638,0,1,0,0,1,0,1,0,1,0,0,0,0,0,0,0,0,0,1,0,0,0,0,0,0,0,0,0,0,0,0,1,0,0,0,0,0
1.28357627349389,-0.479537394747125,-0.445407334767733,0.329618878325901,0,1,0,1,0,0,1,0,0,1,0,0,0,0,0,0,0,0,1,0,0,0,0,0,0,0,0,0,0,0,0,1,0,0,0,0,0
-0.114301428134465,-0.479537394747125,-0.445407334767733,-0.820333296226219,0,1,0,0,1,1,0,0,1,0,0,0,0,0,0,0,0,0,1,0,0,0,0,0,0,0,0,0,1,0,0,0,0,0,0,0,0
-1.43451925745014,3.35969920515788,1.86470134198396,0.514144783421773,0,1,0,0,1,1,0,0,0,1,0,0,0,0,0,0,0,0,1,0,0,0,0,0,0,0,0,0,1,0,0,0,0,0,0,0,0
1.36123614580658,0.480271755229126,0.709647003608115,1.0377703217015,1,1,1,0,0,1,0,0,0,1,0,0,0,1,0,0,0,0,0,0,0,0,0,0,0,0,0,0,0,0,0,0,1,0,0,0,0
0.429317678054341,0.480271755229126,0.709647003608115,0.0819934646698176,0,0,0,0,1,1,0,0,0,1,0,0,0,0,0,0,0,0,1,0,0,0,0,0,0,0,0,0,0,0,0,0,1,0,0,0,0
0.429317678054341,-0.479537394747125,-0.445407334767733,0.340570995468229,1,0,1,0,0,0,1,0,0,1,0,0,0,0,1,0,0,0,0,0,0,0,0,0,0,0,0,0,0,0,0,1,0,0,0,0,0
-0.347281045072525,0.480271755229126,-0.445407334767733,-0.832539503301492,0,1,0,0,1,0,1,0,0,1,0,0,0,0,0,0,0,0,1,0,0,0,0,0,0,0,0,0,0,0,0,1,0,0,0,0,0
1.67187563505733,0.480271755229126,-0.445407334767733,1.43920069767998,1,1,1,0,0,1,0,0,0,1,0,0,0,1,0,0,0,0,0,0,0,0,0,0,0,0,0,0,0,0,0,0,1,0,0,0,0
0.351657805741654,-0.479537394747125,-0.445407334767733,-0.800631940794324,0,1,0,0,1,0,1,0,0,1,0,0,0,0,0,0,0,0,1,0,0,0,0,0,0,0,0,0,0,0,0,1,0,0,0,0,0
0.429317678054341,-0.479537394747125,-0.445407334767733,2.00623362940908,1,0,1,0,0,1,0,0,0,1,0,0,1,0,0,0,0,0,0,0,0,0,0,0,0,0,0,0,1,0,0,0,0,0,0,0,0
-0.114301428134465,-0.479537394747125,-0.445407334767733,-0.835489613847638,0,1,0,0,1,1,0,0,1,0,0,0,0,0,0,0,0,0,1,0,0,0,0,0,0,0,0,0,1,0,0,0,0,0,0,0,0
-0.813240278948644,0.480271755229126,-0.445407334767733,0.329618878325901,0,1,0,1,0,1,0,0,0,1,0,0,0,0,0,0,0,0,1,0,0,0,0,0,0,0,0,0,0,0,0,0,1,0,0,0,0
-0.657920534323271,-0.479537394747125,-0.445407334767733,-0.142675268276441,0,1,0,0,1,0,1,0,0,1,0,0,0,0,0,0,0,0,1,0,0,0,0,0,0,0,0,0,0,0,0,1,0,0,0,0,0
-0.114301428134465,-0.479537394747125,-0.445407334767733,-0.755003111182315,0,1,0,0,1,0,1,0,1,0,0,0,0,0,0,0,0,0,1,0,0,0,0,0,0,0,0,0,0,0,0,1,0,0,0,0,0
-0.813240278948644,-0.479537394747125,-0.445407334767733,-0.818401974534245,0,1,0,0,1,0,1,0,0,1,0,0,0,0,0,0,0,0,1,0,0,0,0,0,0,0,0,0,0,0,0,1,0,0,0,0,0
2.68145397512225,0.480271755229126,4.17481001873566,2.68728467563685,3,1,1,0,0,0,1,0,0,1,0,0,1,0,0,0,0,0,0,0,0,0,0,0,0,0,0,0,0,0,0,1,0,0,0,0,0
-0.580260662010584,-0.479537394747125,-0.445407334767733,-0.832539503301492,0,1,0,0,1,1,0,0,0,1,0,0,0,0,0,0,0,0,1,0,0,0,0,0,0,0,0,0,1,0,0,0,0,0,0,0,0
-0.114301428134465,-0.479537394747125,-0.445407334767733,-0.835489613847638,0,1,0,0,1,0,1,0,1,0,0,0,0,0,0,0,0,0,1,0,0,0,0,0,0,0,0,0,0,0,0,1,0,0,0,0,0
-1.43451925745014,0.480271755229126,1.86470134198396,1.88059054994783,2,1,1,0,0,0,1,0,0,1,0,1,0,0,0,0,0,0,0,0,0,0,0,0,0,0,0,1,0,0,0,0,0,0,0,0,0
2.13783486893344,-0.479537394747125,-0.445407334767733,-0.398657687065193,0,1,0,1,0,0,1,0,1,0,0,0,0,0,0,0,0,0,1,0,0,0,0,0,0,0,0,0,0,0,0,0,0,0,1,0,0
-0.580260662010584,-0.479537394747125,-0.445407334767733,-0.912118223794448,0,0,0,0,1,0,1,0,0,1,0,0,0,0,0,0,0,0,1,0,0,0,0,0,0,0,0,0,0,0,0,1,0,0,0,0,0
0.273997933428968,-0.479537394747125,1.86470134198396,0.329618878325901,0,1,0,1,0,1,0,0,0,1,0,0,0,0,0,0,0,0,1,0,0,0,0,0,0,0,0,0,0,0,0,0,1,0,0,0,0
-2.211117980577,3.35969920515788,0.709647003608115,0.753651139679189,0,1,0,0,1,0,1,0,0,1,0,0,0,0,0,0,0,0,1,0,0,0,0,0,0,0,0,1,0,0,0,0,0,0,0,0,0
-0.114301428134465,-0.479537394747125,-0.445407334767733,2.51174239375982,1,0,1,0,0,0,1,0,0,1,0,0,1,0,0,0,0,0,0,0,0,0,0,0,0,0,0,0,0,0,0,1,0,0,0,0,0
-0.813240278948644,-0.479537394747125,-0.445407334767733,-0.820333296226219,0,1,0,0,1,1,0,0,1,0,0,0,0,0,0,0,0,0,1,0,0,0,0,0,0,0,0,0,1,0,0,0,0,0,0,0,0
1.90485525199538,-0.479537394747125,0.709647003608115,1.43037858404438,1,1,1,0,0,0,1,0,0,1,0,0,0,1,0,0,0,0,0,0,0,0,0,0,0,0,0,0,0,0,0,1,0,0,0,0,0
0.6622972949924,0.480271755229126,5.32986435711151,0.517742744680148,0,1,0,0,1,1,0,0,0,1,0,0,0,0,0,0,0,0,1,0,0,0,0,0,0,0,0,0,0,0,0,0,1,0,0,0,0
-0.0366415558217784,-0.479537394747125,4.17481001873566,0.121377833597246,0,1,0,0,1,1,0,0,0,1,0,0,0,0,0,0,0,0,1,0,0,0,0,0,0,0,0,0,0,0,0,0,1,0,0,0,0
-0.114301428134465,-0.479537394747125,-0.445407334767733,-0.28768236401575,0,0,0,1,0,0,1,1,0,0,0,0,0,0,0,0,0,0,1,0,0,0,0,0,0,0,0,0,0,0,0,1,0,0,0,0,0
0.506977550367027,-0.479537394747125,-0.445407334767733,0.340570995468229,1,0,1,0,0,0,1,0,0,1,0,0,0,0,1,0,0,0,0,0,0,0,0,0,0,0,0,0,0,0,0,1,0,0,0,0,0
0.817617039617773,-0.479537394747125,-0.445407334767733,-0.818401974534245,0,1,0,0,1,0,1,0,0,1,0,0,0,0,0,0,0,0,1,0,0,0,0,0,0,0,0,0,0,0,0,1,0,0,0,0,0
-0.114301428134465,-0.479537394747125,-0.445407334767733,-3.0783194353752,0,1,1,0,0,0,1,0,0,1,0,0,0,0,0,0,0,0,1,0,0,0,0,0,0,0,0,0,0,0,0,1,0,0,0,0,0
-0.114301428134465,-0.479537394747125,-0.445407334767733,1.11120352559477,0,1,0,0,1,0,1,0,0,1,0,0,0,0,0,0,0,0,1,0,0,0,0,0,0,0,0,0,0,0,0,1,0,0,0,0,0
-0.114301428134465,-0.479537394747125,-0.445407334767733,-0.31321484754978,0,1,0,1,0,0,1,0,0,1,0,0,0,0,0,0,0,0,1,0,0,0,0,0,0,0,0,0,0,0,0,1,0,0,0,0,0
-1.20153964051208,3.35969920515788,0.709647003608115,0.753651139679189,0,1,0,0,1,0,1,0,0,1,0,0,0,0,0,0,0,0,1,0,0,0,0,0,0,0,0,0,0,0,0,1,0,0,0,0,0
2.3708144858715,0.480271755229126,-0.445407334767733,1.40311110957591,1,1,1,0,0,1,0,1,0,0,0,0,0,1,0,0,0,0,0,0,0,0,0,0,0,0,0,0,0,0,0,0,1,0,0,0,0
0.351657805741654,-0.479537394747125,-0.445407334767733,-0.552900740341379,1,0,0,1,0,1,0,0,0,1,0,0,0,0,0,1,0,0,0,0,0,0,0,0,0,0,0,0,0,0,0,0,1,0,0,0,0
0.817617039617773,-0.479537394747125,-0.445407334767733,2.13305600515991,1,0,1,0,0,1,0,0,0,1,0,0,1,0,0,0,0,0,0,0,0,0,0,0,0,0,0,0,1,0,0,0,0,0,0,0,0
-0.502600789697898,-0.479537394747125,-0.445407334767733,-0.208470894002963,0,0,0,1,0,0,1,1,0,0,0,0,0,0,0,0,0,0,1,0,0,0,0,0,0,0,0,0,0,0,0,1,0,0,0,0,0
-0.580260662010584,0.480271755229126,-0.445407334767733,1.27860618569113,1,1,1,0,0,1,0,0,0,1,0,0,1,0,0,0,0,0,0,0,0,0,0,0,0,0,0,0,0,0,0,0,1,0,0,0,0
0.118678188803595,-0.479537394747125,1.86470134198396,2.20671196526814,1,1,1,0,0,1,0,0,0,1,0,0,1,0,0,0,0,0,0,0,0,0,0,0,0,0,0,0,1,0,0,0,0,0,0,0,0
-0.114301428134465,-0.479537394747125,-0.445407334767733,-0.793515511843955,0,1,0,0,1,0,1,0,0,1,0,0,0,0,0,0,0,0,1,0,0,0,0,0,0,0,0,0,0,0,0,1,0,0,0,0,0
-0.114301428134465,0.480271755229126,-0.445407334767733,0.0681155304414426,0,1,0,0,1,0,1,0,0,1,0,0,0,0,0,0,0,0,1,0,0,0,0,0,0,0,0,0,0,0,0,1,0,0,0,0,0
0.118678188803595,-0.479537394747125,-0.445407334767733,-0.81501343889775,0,0,0,0,1,0,1,0,0,1,0,0,0,0,0,0,0,0,1,0,0,0,0,0,0,0,0,0,0,0,0,1,0,0,0,0,0
-0.114301428134465,-0.479537394747125,-0.445407334767733,1.11120352559477,0,1,0,0,1,0,1,0,0,1,0,0,0,0,0,0,0,0,1,0,0,0,0,0,0,0,0,0,0,0,0,1,0,0,0,0,0
-0.191961300447152,-0.479537394747125,-0.445407334767733,-0.552900740341379,1,1,0,1,0,1,0,0,0,1,0,0,0,0,1,0,0,0,0,0,0,0,0,0,0,0,0,0,1,0,0,0,0,0,0,0,0
1.90485525199538,0.480271755229126,-0.445407334767733,1.44323154017534,1,1,1,0,0,1,0,1,0,0,0,0,0,1,0,0,0,0,0,0,0,0,0,0,0,0,0,0,1,0,0,0,0,0,0,0,0
-0.114301428134465,-0.479537394747125,-0.445407334767733,-0.898941716560972,0,1,0,0,1,0,1,1,0,0,0,0,0,0,0,0,0,0,1,0,0,0,0,0,0,0,0,0,0,0,0,1,0,0,0,0,0
-0.114301428134465,-0.479537394747125,-0.445407334767733,-0.800631940794324,0,1,0,0,1,0,1,0,0,1,0,0,0,0,0,0,0,0,1,0,0,0,0,0,0,0,0,0,0,0,0,1,0,0,0,0,0
0.351657805741654,-0.479537394747125,-0.445407334767733,-0.995462637186491,0,1,0,0,1,0,1,0,0,1,0,0,0,0,0,0,0,0,1,0,0,0,0,0,0,0,0,0,0,0,0,1,0,0,0,0,0
0.584637422679714,-0.479537394747125,-0.445407334767733,-0.638385675366192,0,1,0,0,1,1,0,0,0,1,0,0,0,0,0,0,0,0,1,0,0,0,0,0,0,0,0,0,1,0,0,0,0,0,0,0,0
0.6622972949924,0.480271755229126,-0.445407334767733,1.58596813860857,1,1,1,0,0,0,1,0,0,1,0,0,1,0,0,0,0,0,0,0,0,0,0,0,0,0,0,0,0,0,0,1,0,0,0,0,0
0.739957167305087,0.480271755229126,0.709647003608115,1.50514972310931,1,0,1,0,0,1,0,1,0,0,0,0,0,0,1,0,0,0,0,0,0,0,0,0,0,0,0,0,1,0,0,0,0,0,0,0,0
1.59421576274464,1.44008090520538,-0.445407334767733,1.99111441927267,0,0,1,0,0,0,1,0,0,1,0,0,0,0,0,0,0,0,1,0,0,0,0,1,0,0,0,0,0,0,0,0,0,0,0,0,0
0.196338061116281,-0.479537394747125,-0.445407334767733,1.11120352559477,0,1,0,0,1,0,1,0,0,1,0,0,0,0,0,0,0,0,1,0,0,0,0,0,0,0,0,0,0,0,0,1,0,0,0,0,0
0.972936784243147,-0.479537394747125,-0.445407334767733,2.53807298494211,0,0,1,0,0,1,0,1,0,0,0,0,0,0,0,0,0,0,1,0,0,0,0,0,0,0,0,0,1,0,0,0,0,0,0,0,0
2.06017499662076,-0.479537394747125,0.709647003608115,1.50514972310931,1,1,1,0,0,1,0,1,0,0,0,0,1,0,0,0,0,0,0,0,0,0,0,0,0,0,0,0,0,0,0,0,1,0,0,0,0
0.429317678054341,0.480271755229126,-0.445407334767733,1.58596813860857,1,1,1,0,0,1,0,0,0,1,0,0,1,0,0,0,0,0,0,0,0,0,0,0,0,0,0,0,0,0,0,0,1,0,0,0,0
0.273997933428968,0.480271755229126,1.86470134198396,0.394555829445972,0,0,0,1,0,1,0,0,0,1,0,0,0,0,0,0,0,0,1,0,0,0,0,0,0,0,0,0,0,0,0,0,1,0,0,0,0
-0.114301428134465,-0.479537394747125,-0.445407334767733,-0.826172422250241,0,1,0,0,1,0,1,0,1,0,0,0,0,0,0,0,0,0,1,0,0,0,0,0,0,0,0,0,0,0,0,1,0,0,0,0,0
-0.191961300447152,-0.479537394747125,-0.445407334767733,-0.732916849994079,0,1,0,0,1,0,1,0,0,1,0,0,0,0,0,0,0,0,1,0,0,0,0,0,0,0,0,0,0,0,0,1,0,0,0,0,0
-0.580260662010584,0.480271755229126,-0.445407334767733,-0.896331458446758,0,0,0,0,1,0,1,0,0,1,0,0,0,0,0,0,0,0,1,0,0,0,0,0,0,0,0,0,0,0,0,1,0,0,0,0,0
-0.813240278948644,-0.479537394747125,-0.445407334767733,-0.960978323144665,0,1,0,0,1,0,1,0,1,0,0,0,0,0,0,0,0,0,1,0,0,0,0,0,0,0,0,0,0,0,0,1,0,0,0,0,0
-0.0366415558217784,0.480271755229126,-0.445407334767733,0.329618878325901,0,1,0,1,0,1,0,0,0,1,0,0,0,0,0,0,0,0,1,0,0,0,0,0,0,0,0,0,0,0,0,0,1,0,0,0,0
-0.191961300447152,0.480271755229126,-0.445407334767733,-0.247314961032635,0,1,0,0,1,0,1,1,0,0,0,0,0,0,0,0,0,0,1,0,0,0,0,0,0,0,0,0,0,0,0,1,0,0,0,0,0
3.22507308131106,-0.479537394747125,-0.445407334767733,0.61710561413515,1,0,1,0,0,0,1,1,0,0,1,0,0,0,0,0,0,0,0,0,0,0,0,0,0,0,0,0,0,0,0,1,0,0,0,0,0
0.972936784243147,-0.479537394747125,-0.445407334767733,-0.732916849994079,0,1,0,0,1,0,1,0,0,1,0,0,0,0,0,0,0,0,1,0,0,0,0,0,0,0,0,0,0,0,0,1,0,0,0,0,0
-2.211117980577,-0.479537394747125,1.86470134198396,0.683106385497362,0,0,0,1,0,0,1,1,0,0,0,0,0,0,0,0,0,0,1,0,0,0,0,0,0,0,0,1,0,0,0,0,0,0,0,0,0
-0.114301428134465,-0.479537394747125,-0.445407334767733,0.329618878325901,1,1,1,0,0,0,1,0,0,1,1,0,0,0,0,0,0,0,0,0,0,0,0,0,0,0,0,0,0,0,0,1,0,0,0,0,0
-0.114301428134465,-0.479537394747125,-0.445407334767733,-0.835489613847638,0,1,0,0,1,0,1,0,1,0,0,0,0,0,0,0,0,0,1,0,0,0,0,0,0,0,0,0,0,0,0,1,0,0,0,0,0
0.0410183164909081,-0.479537394747125,-0.445407334767733,-0.389020962654057,0,1,0,0,1,1,0,0,0,1,0,0,0,0,0,0,0,0,1,0,0,0,0,0,0,0,0,0,1,0,0,0,0,0,0,0,0
0.273997933428968,2.39989005518163,-0.445407334767733,-0.157904012539343,0,1,0,0,1,1,0,0,0,1,0,0,0,0,0,0,0,0,1,0,0,0,0,0,0,0,0,0,0,0,0,0,1,0,0,0,0
-0.580260662010584,-0.479537394747125,-0.445407334767733,-0.83009140971636,0,1,0,0,1,0,1,0,0,1,0,0,0,0,0,0,0,0,1,0,0,0,0,0,0,0,0,0,0,0,0,1,0,0,0,0,0
0.429317678054341,-0.479537394747125,-0.445407334767733,-0.552900740341379,0,1,0,1,0,0,1,0,0,1,0,0,0,0,0,0,0,0,1,0,0,0,0,0,0,0,0,0,0,0,0,1,0,0,0,0,0
-0.114301428134465,-0.479537394747125,1.86470134198396,-0.835489613847638,0,1,0,0,1,1,0,0,1,0,0,0,0,0,0,0,0,0,1,0,0,0,0,0,0,0,0,0,1,0,0,0,0,0,0,0,0
-0.347281045072525,-0.479537394747125,-0.445407334767733,-0.349499730001547,0,1,0,1,0,0,1,0,0,1,0,0,0,0,0,0,0,0,1,0,0,0,0,0,0,0,0,0,0,0,0,1,0,0,0,0,0
0.0410183164909081,-0.479537394747125,-0.445407334767733,-0.898941716560972,0,1,0,0,1,0,1,1,0,0,0,0,0,0,0,0,0,0,1,0,0,0,0,0,0,0,0,0,0,0,0,1,0,0,0,0,0
1.12825652886852,-0.479537394747125,-0.445407334767733,-0.81501343889775,0,0,0,0,1,0,1,0,0,1,0,0,0,0,0,0,0,0,1,0,0,0,0,0,0,0,0,0,0,0,0,1,0,0,0,0,0
-0.114301428134465,-0.479537394747125,-0.445407334767733,2.53807298494211,0,0,1,0,0,0,1,1,0,0,0,0,0,0,0,0,0,0,1,0,0,0,0,0,0,0,0,0,0,0,0,1,0,0,0,0,0
1.12825652886852,-0.479537394747125,0.709647003608115,-0.142675268276441,0,1,0,0,1,0,1,0,0,1,0,0,0,0,0,0,0,0,1,0,0,0,0,0,0,0,0,0,0,0,0,1,0,0,0,0,0
-0.191961300447152,0.480271755229126,-0.445407334767733,1.04825517330168,1,1,1,0,0,0,1,0,0,1,0,0,0,0,1,0,0,0,0,0,0,0,0,0,0,0,0,0,0,0,0,1,0,0,0,0,0
1.43889601811927,0.480271755229126,3.01975568035981,0.60897662129651,0,0,0,0,1,1,0,0,0,1,0,0,0,0,0,0,0,0,1,0,0,0,0,0,0,0,0,0,0,0,0,0,1,0,0,0,0
0.0410183164909081,-0.479537394747125,-0.445407334767733,1.75754546274425,0,0,1,0,0,1,0,1,0,0,0,0,0,0,0,0,0,0,1,0,0,0,0,0,0,0,0,0,1,0,0,0,0,0,0,0,0
-0.114301428134465,7.19893580506288,1.86470134198396,1.32277270378048,0,0,0,0,1,0,1,0,0,1,0,0,0,0,0,0,0,0,1,0,0,0,0,0,0,0,0,1,0,0,0,0,0,0,0,0,0
1.05059665655583,-0.479537394747125,-0.445407334767733,-1.00179992869338,0,0,0,0,1,0,1,0,0,1,0,0,0,0,0,0,0,0,1,0,0,0,0,0,0,0,0,0,0,0,0,1,0,0,0,0,0
-0.114301428134465,0.480271755229126,-0.445407334767733,-0.179608231630037,0,1,0,0,1,0,1,0,1,0,0,0,0,0,0,0,0,0,1,0,0,0,0,0,0,0,0,0,0,0,0,1,0,0,0,0,0
-0.696750470479614,-0.479537394747125,-0.445407334767733,-0.896331458446758,0,0,0,0,1,0,1,0,0,1,0,0,0,0,0,0,0,0,1,0,0,0,0,0,0,0,0,0,0,0,0,1,0,0,0,0,0
0.0410183164909081,-0.479537394747125,-0.445407334767733,-0.800631940794324,0,0,0,0,1,0,1,0,0,1,0,0,0,0,0,0,0,0,1,0,0,0,0,0,0,0,0,0,0,0,0,1,0,0,0,0,0
-1.58983900207551,3.35969920515788,1.86470134198396,0.517742744680148,0,1,0,0,1,0,1,0,0,1,0,0,0,0,0,0,0,0,1,0,0,0,0,0,0,0,0,1,0,0,0,0,0,0,0,0,0
-0.502600789697898,-0.479537394747125,-0.445407334767733,-0.349499730001547,0,1,0,1,0,0,1,0,0,1,0,0,0,0,0,0,0,0,1,0,0,0,0,0,0,0,0,0,0,0,0,1,0,0,0,0,0
-0.114301428134465,-0.479537394747125,-0.445407334767733,-0.899469588457921,0,1,0,0,1,0,1,1,0,0,0,0,0,0,0,0,0,0,1,0,0,0,0,0,0,0,0,0,0,0,0,1,0,0,0,0,0
-0.735580406635957,-0.479537394747125,-0.445407334767733,-1.41155783207394,0,1,0,0,1,0,1,1,0,0,0,0,0,0,0,0,0,0,1,0,0,0,0,0,0,0,0,0,0,0,0,1,0,0,0,0,0
0.118678188803595,-0.479537394747125,-0.445407334767733,-0.835489613847638,0,1,0,0,1,0,1,0,1,0,0,0,0,0,0,0,0,0,1,0,0,0,0,0,0,0,0,0,0,0,0,1,0,0,0,0,0
-0.424940917385211,-0.479537394747125,-0.445407334767733,-0.349499730001547,0,1,0,1,0,1,0,0,0,1,0,0,0,0,0,0,0,0,1,0,0,0,0,0,0,0,0,0,1,0,0,0,0,0,0,0,0
0.196338061116281,-0.479537394747125,-0.445407334767733,-0.835489613847638,0,1,0,0,1,0,1,0,1,0,0,0,0,0,0,0,0,0,1,0,0,0,0,0,0,0,0,0,0,0,0,1,0,0,0,0,0
3.14741320899837,-0.479537394747125,-0.445407334767733,-0.552900740341379,0,0,0,1,0,0,1,0,0,1,0,0,0,0,0,0,0,0,1,0,0,0,0,0,0,0,0,0,0,0,0,1,0,0,0,0,0
0.273997933428968,-0.479537394747125,-0.445407334767733,-0.732916849994079,0,1,0,0,1,0,1,1,0,0,0,0,0,0,0,0,0,0,1,0,0,0,0,0,0,0,0,0,0,0,0,1,0,0,0,0,0
0.739957167305087,-0.479537394747125,-0.445407334767733,-0.81501343889775,0,1,0,0,1,0,1,0,0,1,0,0,0,0,0,0,0,0,1,0,0,0,0,0,0,0,0,0,0,0,0,1,0,0,0,0,0
-0.89090015126133,-0.479537394747125,1.86470134198396,1.46112067773211,1,1,1,0,0,1,0,0,0,1,0,0,0,0,1,0,0,0,0,0,0,0,0,0,0,0,0,0,1,0,0,0,0,0,0,0,0
-0.114301428134465,-0.479537394747125,-0.445407334767733,-0.898941716560972,0,1,0,0,1,1,0,1,0,0,0,0,0,0,0,0,0,0,1,0,0,0,0,0,0,0,0,0,0,0,0,0,1,0,0,0,0
-0.114301428134465,-0.479537394747125,-0.445407334767733,1.02701419576884,1,1,1,0,0,0,1,0,0,1,1,0,0,0,0,0,0,0,0,0,0,0,0,0,0,0,0,0,0,0,0,1,0,0,0,0,0
-0.114301428134465,-0.479537394747125,-0.445407334767733,-0.398657687065193,1,1,0,1,0,1,0,0,1,0,0,0,0,0,1,0,0,0,0,0,0,0,0,0,0,0,0,0,1,0,0,0,0,0,0,0,0
-0.114301428134465,-0.479537394747125,-0.445407334767733,-0.349499730001547,0,1,0,1,0,1,0,0,0,1,0,0,0,0,0,0,0,0,1,0,0,0,0,0,0,0,0,0,0,0,0,0,0,1,0,0,0
-0.114301428134465,-0.479537394747125,-0.445407334767733,-0.836967831461823,0,1,0,0,1,1,0,0,1,0,0,0,0,0,0,0,0,0,1,0,0,0,0,0,0,0,0,0,1,0,0,0,0,0,0,0,0
0.6622972949924,0.480271755229126,-0.445407334767733,1.34786969160161,1,0,1,0,0,1,0,1,0,0,0,0,1,0,0,0,0,0,0,0,0,0,0,0,0,0,0,0,0,0,0,0,1,0,0,0,0
-0.89090015126133,1.44008090520538,1.86470134198396,2.68483382584043,4,0,1,0,0,1,0,1,0,0,0,1,0,0,0,0,0,0,0,0,0,0,0,0,0,0,0,0,1,0,0,0,0,0,0,0,0
1.05059665655583,0.480271755229126,6.48491869548735,0.922396468874865,0,0,0,0,1,1,0,0,0,1,0,0,0,0,0,0,0,0,1,0,0,0,0,0,0,0,0,0,0,0,0,0,1,0,0,0,0
-0.114301428134465,-0.479537394747125,-0.445407334767733,0.18715961240122,0,0,0,0,1,0,1,0,0,1,0,0,0,0,0,0,0,0,1,0,0,0,0,0,0,0,0,0,0,0,0,1,0,0,0,0,0
-0.114301428134465,-0.479537394747125,-0.445407334767733,-0.800631940794324,0,1,0,0,1,1,0,0,0,1,0,0,0,0,0,0,0,0,1,0,0,0,0,0,0,0,0,0,0,0,0,0,1,0,0,0,0
-0.89090015126133,-0.479537394747125,-0.445407334767733,-0.800631940794324,0,0,0,0,1,0,1,0,0,1,0,0,0,0,0,0,0,0,1,0,0,0,0,0,0,0,0,0,0,0,0,1,0,0,0,0,0
-0.0366415558217784,0.480271755229126,0.709647003608115,-0.556278031460355,1,1,0,0,1,1,0,0,0,1,0,0,0,0,0,0,1,0,0,0,0,0,0,0,0,0,0,0,0,0,0,0,1,0,0,0,0
-0.269621172759838,0.480271755229126,-0.445407334767733,-0.247314961032635,0,1,0,0,1,0,1,1,0,0,0,0,0,0,0,0,0,0,1,0,0,0,0,0,0,0,0,0,0,0,0,1,0,0,0,0,0
-0.114301428134465,-0.479537394747125,-0.445407334767733,-0.838448165351053,0,1,0,0,1,0,1,0,1,0,0,0,0,0,0,0,0,0,1,0,0,0,0,0,0,0,0,0,0,0,0,1,0,0,0,0,0
-1.6674988743882,-0.479537394747125,1.86470134198396,0.339149019935828,0,0,0,1,0,1,0,0,0,1,0,0,0,0,0,0,0,0,1,0,0,0,0,0,0,0,0,0,1,0,0,0,0,0,0,0,0
0.972936784243147,0.480271755229126,-0.445407334767733,1.02701419576884,0,1,1,0,0,0,1,0,0,1,0,0,0,0,0,0,0,0,1,0,0,0,0,0,0,0,0,0,0,0,0,1,0,0,0,0,0
0.118678188803595,0.480271755229126,-0.445407334767733,1.02701419576884,1,0,1,0,0,0,1,0,0,1,0,1,0,0,0,0,0,0,0,0,0,0,0,0,0,0,0,0,0,0,0,1,0,0,0,0,0
-0.968560023574017,-0.479537394747125,-0.445407334767733,-0.912118223794448,0,0,0,0,1,0,1,0,0,1,0,0,0,0,0,0,0,0,1,0,0,0,0,0,0,0,0,0,0,0,0,1,0,0,0,0,0
1.90485525199538,-0.479537394747125,-0.445407334767733,-0.27816020087076,0,1,0,1,0,0,1,0,0,1,0,0,0,0,0,0,0,0,1,0,0,0,0,1,0,0,0,0,0,0,0,0,0,0,0,0,0
-0.347281045072525,0.480271755229126,-0.445407334767733,1.59815870753735,1,1,1,0,0,0,1,1,0,0,0,1,0,0,0,0,0,0,0,0,0,0,0,0,0,0,0,0,0,0,0,1,0,0,0,0,0
-0.0366415558217784,-0.479537394747125,-0.445407334767733,-0.552900740341379,0,0,0,1,0,0,1,0,0,1,0,0,0,0,0,0,0,0,1,0,0,0,0,0,0,0,0,0,0,0,0,1,0,0,0,0,0
-0.0366415558217784,-0.479537394747125,-0.445407334767733,-0.800631940794324,0,1,0,0,1,0,1,0,0,1,0,0,0,0,0,0,0,0,1,0,0,0,0,0,0,0,0,0,0,0,0,1,0,0,0,0,0
-0.114301428134465,-0.479537394747125,-0.445407334767733,0.641348369077953,1,1,1,0,0,0,1,0,0,1,1,0,0,0,0,0,0,0,0,0,0,0,0,0,0,0,0,0,0,0,0,1,0,0,0,0,0
-1.58983900207551,4.31950835513413,1.86470134198396,0.922396468874865,0,0,0,0,1,0,1,0,0,1,0,0,0,0,0,0,0,0,1,0,0,0,0,0,0,0,0,1,0,0,0,0,0,0,0,0,0
-0.114301428134465,-0.479537394747125,-0.445407334767733,-0.898941716560972,0,1,0,0,1,0,1,1,0,0,0,0,0,0,0,0,0,0,1,0,0,0,0,0,0,0,0,0,0,0,0,1,0,0,0,0,0
0.118678188803595,0.480271755229126,-0.445407334767733,-0.0337311206563818,0,1,0,0,1,1,0,0,0,1,0,0,0,0,0,0,0,0,1,0,0,0,0,0,0,0,0,0,0,0,0,0,1,0,0,0,0
-0.114301428134465,-0.479537394747125,-0.445407334767733,0.641348369077953,1,1,1,0,0,0,1,0,0,1,0,0,1,0,0,0,0,0,0,0,0,0,0,0,0,0,0,0,0,0,0,1,0,0,0,0,0
-0.580260662010584,-0.479537394747125,-0.445407334767733,-0.697416411954405,0,1,0,0,1,0,1,0,0,1,0,0,0,0,0,0,0,0,1,0,0,0,0,0,0,0,0,0,0,0,0,1,0,0,0,0,0
-0.114301428134465,-0.479537394747125,-0.445407334767733,-0.818401974534245,0,1,0,0,1,0,1,0,0,1,0,0,0,0,0,0,0,0,1,0,0,0,0,0,0,0,0,0,0,0,0,1,0,0,0,0,0
2.06017499662076,-0.479537394747125,-0.445407334767733,0.641348369077953,1,1,1,0,0,0,1,1,0,0,1,0,0,0,0,0,0,0,0,0,1,0,0,0,0,0,0,0,0,0,0,0,0,0,0,0,0
0.429317678054341,-0.479537394747125,-0.445407334767733,3.37487052232755,1,0,1,0,0,0,1,1,0,0,0,1,0,0,0,0,0,0,0,0,0,0,0,0,0,0,0,0,0,0,0,1,0,0,0,0,0
-0.813240278948644,-0.479537394747125,-0.445407334767733,-0.58293241301023,0,1,0,0,1,0,1,0,0,1,0,0,0,0,0,0,0,0,1,0,0,0,0,0,0,0,0,0,0,0,0,1,0,0,0,0,0
3.18624314515471,-0.479537394747125,-0.445407334767733,-0.835489613847638,0,1,0,0,1,0,1,0,1,0,0,0,0,0,0,0,0,0,1,0,0,0,0,0,0,0,0,0,0,0,0,1,0,0,0,0,0
0.89527691193046,-0.479537394747125,1.86470134198396,0.0801671238152365,0,1,0,0,1,1,0,0,0,1,0,0,0,0,0,0,0,0,1,0,0,0,0,0,0,0,0,0,0,0,0,0,1,0,0,0,0
-0.735580406635957,-0.479537394747125,-0.445407334767733,-0.732916849994079,0,1,0,0,1,0,1,0,0,1,0,0,0,0,0,0,0,0,1,0,0,0,0,0,0,0,0,0,0,0,0,1,0,0,0,0,0
-1.0462198958867,-0.479537394747125,-0.445407334767733,1.54541340957315,1,1,1,0,0,1,0,0,0,1,0,1,0,0,0,0,0,0,0,0,0,0,0,0,0,0,0,0,1,0,0,0,0,0,0,0,0
0.89527691193046,-0.479537394747125,-0.445407334767733,-0.912118223794448,0,0,0,0,1,0,1,0,0,1,0,0,0,0,0,0,0,0,1,0,0,0,0,0,0,0,0,0,0,0,0,1,0,0,0,0,0
-1.27919951282476,-0.479537394747125,0.709647003608115,0.044839298396346,0,1,0,1,0,1,0,0,0,1,0,0,0,0,0,0,0,0,1,0,0,0,0,0,0,0,0,0,1,0,0,0,0,0,0,0,0
0.351657805741654,-0.479537394747125,-0.445407334767733,-0.349499730001547,1,1,0,1,0,0,1,0,0,1,0,0,0,1,0,0,0,0,0,0,0,0,0,0,0,0,0,0,0,0,0,1,0,0,0,0,0
-0.813240278948644,-0.479537394747125,-0.445407334767733,0.329618878325901,0,1,0,1,0,1,0,0,0,1,0,0,0,0,0,0,0,0,1,0,0,0,0,0,0,0,0,0,1,0,0,0,0,0,0,0,0
-0.269621172759838,-0.479537394747125,-0.445407334767733,-0.81501343889775,0,0,0,0,1,1,0,0,0,1,0,0,0,0,0,0,0,0,1,0,0,0,0,0,0,0,0,0,1,0,0,0,0,0,0,0,0
-1.6674988743882,3.35969920515788,0.709647003608115,0.442862462680998,0,1,0,0,1,0,1,0,1,0,0,0,0,0,0,0,0,0,1,0,0,0,0,0,0,0,0,1,0,0,0,0,0,0,0,0,0
0.0410183164909081,-0.479537394747125,-0.445407334767733,1.11896862604604,1,0,1,0,0,1,0,1,0,0,0,0,0,0,1,0,0,0,0,0,0,0,0,0,0,0,0,0,1,0,0,0,0,0,0,0,0
0.506977550367027,-0.479537394747125,-0.445407334767733,-0.349499730001547,0,1,0,1,0,0,1,0,0,1,0,0,0,0,0,0,0,0,1,0,0,0,0,0,0,0,0,0,0,0,0,1,0,0,0,0,0
1.90485525199538,-0.479537394747125,-0.445407334767733,0.329618878325901,0,1,0,1,0,0,1,0,0,1,0,0,0,0,0,0,0,0,1,0,0,0,0,0,0,0,0,0,0,0,0,1,0,0,0,0,0
-0.0754714919781217,-0.479537394747125,-0.445407334767733,-0.898941716560972,0,1,0,0,1,0,1,1,0,0,0,0,0,0,0,0,0,0,1,0,0,0,0,0,0,0,0,0,0,0,0,1,0,0,0,0,0
-0.424940917385211,-0.479537394747125,-0.445407334767733,-0.83009140971636,0,1,0,0,1,0,1,0,0,1,0,0,0,0,0,0,0,0,1,0,0,0,0,0,0,0,0,0,0,0,0,1,0,0,0,0,0
-0.114301428134465,-0.479537394747125,-0.445407334767733,-0.831067598362529,0,1,0,0,1,1,0,0,1,0,0,0,0,0,0,0,0,0,1,0,0,0,0,0,0,0,0,0,1,0,0,0,0,0,0,0,0
-1.0462198958867,-0.479537394747125,-0.445407334767733,0.329618878325901,0,1,0,1,0,0,1,0,0,1,0,0,0,0,0,0,0,0,1,0,0,0,0,0,0,0,0,0,0,0,0,1,0,0,0,0,0
-2.05579823595163,0.480271755229126,1.86470134198396,0.800641812005327,0,0,0,1,0,1,0,1,0,0,0,0,0,0,0,0,0,0,1,0,0,0,0,0,0,0,0,0,1,0,0,0,0,0,0,0,0
-0.424940917385211,1.44008090520538,3.01975568035981,0.00630018996997661,0,1,0,1,0,1,0,0,0,1,0,0,0,0,0,0,0,0,1,0,0,0,0,0,0,0,0,0,0,0,0,0,1,0,0,0,0
-0.89090015126133,1.44008090520538,-0.445407334767733,-0.0337311206563818,0,1,0,0,1,1,0,0,0,1,0,0,0,0,0,0,0,0,1,0,0,0,0,0,0,0,0,0,1,0,0,0,0,0,0,0,0
-2.13345810826431,0.480271755229126,0.709647003608115,0.329618878325901,1,1,0,1,0,0,1,0,0,1,0,0,0,0,0,1,0,0,0,0,0,0,0,0,0,0,0,1,0,0,0,0,0,0,0,0,0
0.235167997272624,-0.479537394747125,-0.445407334767733,-0.349499730001547,1,1,0,1,0,1,0,0,0,1,0,0,0,0,1,0,0,0,0,0,0,0,0,0,0,0,0,0,1,0,0,0,0,0,0,0,0
-0.424940917385211,-0.479537394747125,-0.445407334767733,1.31910208208763,1,0,1,0,0,1,0,1,0,0,0,1,0,0,0,0,0,0,0,0,0,0,0,0,0,0,0,0,0,0,1,0,0,0,0,0,0
-0.813240278948644,-0.479537394747125,-0.445407334767733,-0.552900740341379,0,1,0,1,0,0,1,0,0,1,0,0,0,0,0,0,0,0,1,0,0,0,0,0,0,0,0,0,0,0,0,1,0,0,0,0,0
1.20591640118121,-0.479537394747125,-0.445407334767733,0.350470443748243,1,1,1,0,0,0,1,0,0,1,0,1,0,0,0,0,0,0,0,0,0,0,0,0,0,0,1,0,0,0,0,0,0,0,0,0,0
-0.735580406635957,-0.479537394747125,-0.445407334767733,-0.674408992056198,0,1,0,0,1,0,1,0,0,1,0,0,0,0,0,0,0,0,1,0,0,0,0,0,0,0,0,0,0,0,0,1,0,0,0,0,0
-0.269621172759838,1.44008090520538,-0.445407334767733,-0.732916849994079,0,1,0,0,1,0,1,0,0,1,0,0,0,0,0,0,0,0,1,0,0,0,0,0,0,0,0,0,0,0,0,1,0,0,0,0,0
-0.89090015126133,-0.479537394747125,-0.445407334767733,-0.77245545503165,0,1,0,0,1,0,1,0,0,1,0,0,0,0,0,0,0,0,1,0,0,0,0,0,0,0,0,0,0,0,0,1,0,0,0,0,0
-0.114301428134465,-0.479537394747125,-0.445407334767733,0.472468130488776,1,1,1,0,0,0,1,0,0,1,0,0,0,1,0,0,0,0,0,0,0,0,0,0,0,0,0,0,0,0,0,1,0,0,0,0,0
1.67187563505733,-0.479537394747125,-0.445407334767733,-0.921167940824578,0,1,0,0,1,0,1,0,0,1,0,0,0,0,0,0,0,0,1,0,0,0,0,0,0,0,0,0,0,0,0,1,0,0,0,0,0
0.429317678054341,0.480271755229126,-0.445407334767733,1.50903356237901,1,1,1,0,0,1,0,0,0,1,0,0,1,0,0,0,0,0,0,0,0,0,0,0,0,0,0,0,0,0,0,0,1,0,0,0,0
0.0410183164909081,0.480271755229126,-0.445407334767733,0.250040157832945,0,0,0,1,0,0,1,1,0,0,0,0,0,0,0,0,0,0,1,0,0,0,0,0,0,0,0,0,0,0,0,1,0,0,0,0,0
-1.6674988743882,2.39989005518163,0.709647003608115,0.121377833597246,0,1,0,0,1,1,0,0,0,1,0,0,0,0,0,0,0,0,1,0,0,0,0,0,0,0,0,0,1,0,0,0,0,0,0,0,0
-0.0754714919781217,-0.479537394747125,-0.445407334767733,-0.142675268276441,0,1,0,0,1,0,1,0,0,1,0,0,0,0,0,0,0,0,1,0,0,0,0,0,0,0,0,0,0,0,0,1,0,0,0,0,0
0.0410183164909081,-0.479537394747125,-0.445407334767733,-0.896331458446758,0,0,0,0,1,0,1,0,0,1,0,0,0,0,0,0,0,0,1,0,0,0,0,0,0,0,0,0,0,0,0,1,0,0,0,0,0
0.6622972949924,-0.479537394747125,-0.445407334767733,2.53807298494211,1,0,1,0,0,1,0,1,0,0,0,0,1,0,0,0,0,0,0,0,0,0,0,0,0,0,0,0,1,0,0,0,0,0,0,0,0
-0.424940917385211,1.44008090520538,-0.445407334767733,0.256225697983765,0,0,0,0,1,0,1,0,0,1,0,0,0,0,0,0,0,0,1,0,0,0,0,0,0,0,0,0,0,0,0,1,0,0,0,0,0
0.817617039617773,0.480271755229126,0.709647003608115,0.736030041679037,0,1,0,1,0,1,0,0,0,1,0,0,0,0,0,0,0,0,1,0,0,0,0,0,0,0,0,0,0,0,0,0,1,0,0,0,0
-0.89090015126133,-0.479537394747125,-0.445407334767733,-0.61385294004736,0,1,0,0,1,1,0,0,0,1,0,0,0,0,0,0,0,0,1,0,0,0,0,0,0,0,0,0,1,0,0,0,0,0,0,0,0
-2.25616070651836,-0.479537394747125,0.709647003608115,-0.748638257163974,0,1,0,0,1,0,1,1,0,0,0,0,0,0,0,0,0,0,1,0,0,0,0,0,0,0,0,1,0,0,0,0,0,0,0,0,0
-0.114301428134465,-0.479537394747125,-0.445407334767733,-0.835489613847638,0,1,0,0,1,0,1,0,1,0,0,0,0,0,0,0,0,0,1,0,0,0,0,0,0,0,0,0,0,0,0,1,0,0,0,0,0
-0.114301428134465,-0.479537394747125,-0.445407334767733,0.462412819043521,1,1,1,0,0,0,1,1,0,0,0,0,1,0,0,0,0,0,0,0,0,0,0,0,0,0,0,0,0,0,0,1,0,0,0,0,0
1.67187563505733,-0.479537394747125,-0.445407334767733,-0.800631940794324,0,1,0,0,1,0,1,0,0,1,0,0,0,0,0,0,0,0,1,0,0,0,0,0,0,0,0,0,0,0,0,1,0,0,0,0,0
0.739957167305087,0.480271755229126,5.32986435711151,0.514144783421773,0,1,0,0,1,0,1,0,0,1,0,0,0,0,0,0,0,0,1,0,0,0,0,0,0,0,0,0,0,0,0,1,0,0,0,0,0
-0.191961300447152,-0.479537394747125,-0.445407334767733,-0.818401974534245,0,1,0,0,1,0,1,0,0,1,0,0,0,0,0,0,0,0,1,0,0,0,0,0,0,0,0,0,0,0,0,1,0,0,0,0,0
-0.114301428134465,0.480271755229126,-0.445407334767733,-0.179608231630037,0,1,0,0,1,1,0,0,1,0,0,0,0,0,0,0,0,0,1,0,0,0,0,0,0,0,0,0,1,0,0,0,0,0,0,0,0
1.36123614580658,-0.479537394747125,-0.445407334767733,0.598571156445111,1,1,1,0,0,0,1,0,0,1,0,0,0,1,0,0,0,0,0,0,0,0,0,0,0,0,0,0,0,0,0,1,0,0,0,0,0
-0.269621172759838,-0.479537394747125,-0.445407334767733,-0.552900740341379,0,1,0,1,0,0,1,0,0,1,0,0,0,0,0,0,0,0,1,0,0,0,0,0,0,0,0,0,0,0,0,1,0,0,0,0,0
-0.114301428134465,-0.479537394747125,-0.445407334767733,-0.800631940794324,0,0,0,0,1,0,1,0,0,1,0,0,0,0,0,0,0,0,1,0,0,0,0,0,0,0,0,0,0,0,0,1,0,0,0,0,0
-0.114301428134465,-0.479537394747125,-0.445407334767733,-0.732916849994079,0,1,0,0,1,0,1,0,0,1,0,0,0,0,0,0,0,0,1,0,0,0,0,0,0,0,0,0,0,0,0,1,0,0,0,0,0
0.972936784243147,0.480271755229126,-0.445407334767733,1.0377703217015,1,1,1,0,0,0,1,0,0,1,0,0,0,1,0,0,0,0,0,0,0,0,0,0,0,0,0,0,0,0,0,1,0,0,0,0,0
-0.114301428134465,-0.479537394747125,-0.445407334767733,-0.818401974534245,0,1,0,0,1,0,1,0,0,1,0,0,0,0,0,0,0,0,1,0,0,0,0,0,0,0,0,0,0,0,0,1,0,0,0,0,0
-1.97813836363894,-0.479537394747125,1.86470134198396,0.164945803310446,0,1,0,0,1,1,0,0,0,1,0,0,0,0,0,0,0,0,1,0,0,0,0,0,0,0,0,0,1,0,0,0,0,0,0,0,0
-0.0366415558217784,-0.479537394747125,1.86470134198396,-0.195662284123343,0,1,0,0,1,1,0,1,0,0,0,0,0,0,0,0,0,0,1,0,0,0,0,0,0,0,0,0,0,0,0,0,1,0,0,0,0
-0.114301428134465,0.480271755229126,1.86470134198396,0.227037907987039,0,0,0,0,1,0,1,0,0,1,0,0,0,0,0,0,0,0,1,0,0,0,0,0,0,0,0,0,0,0,0,1,0,0,0,0,0
1.28357627349389,-0.479537394747125,-0.445407334767733,1.45533507519294,2,0,1,0,0,0,1,1,0,0,0,1,0,0,0,0,0,0,0,0,0,0,0,0,0,0,0,0,0,0,0,1,0,0,0,0,0
-0.114301428134465,0.480271755229126,-0.445407334767733,0.250040157832945,0,0,0,1,0,1,0,1,0,0,0,0,0,0,0,0,0,0,1,0,0,0,0,0,0,0,0,0,0,0,0,0,1,0,0,0,0
0.429317678054341,-0.479537394747125,-0.445407334767733,-0.800631940794324,0,1,0,0,1,0,1,0,0,1,0,0,0,0,0,0,0,0,1,0,0,0,0,0,0,0,0,0,0,0,0,1,0,0,0,0,0
-0.114301428134465,-0.479537394747125,-0.445407334767733,0.350470443748243,1,1,1,0,0,0,1,0,0,1,0,0,1,0,0,0,0,0,0,0,0,0,0,0,0,0,0,0,0,0,0,1,0,0,0,0,0
0.584637422679714,0.480271755229126,-0.445407334767733,0.329618878325901,0,0,0,1,0,0,1,0,0,1,0,0,0,0,0,0,0,0,1,0,0,0,0,0,0,0,0,0,0,0,0,1,0,0,0,0,0
0.118678188803595,0.480271755229126,0.709647003608115,0.0952889646161286,0,1,0,0,1,1,0,0,0,1,0,0,0,0,0,0,0,0,1,0,0,0,0,0,0,0,0,0,0,0,0,0,1,0,0,0,0
1.20591640118121,-0.479537394747125,-0.445407334767733,-0.31321484754978,0,1,0,1,0,1,0,0,0,1,0,0,0,0,0,0,0,0,1,0,0,0,0,0,0,0,0,0,0,0,0,0,1,0,0,0,0
0.89527691193046,-0.479537394747125,0.709647003608115,0.044839298396346,0,1,0,1,0,1,0,0,0,1,0,0,0,0,0,0,0,0,1,0,0,0,0,0,0,0,0,0,0,0,0,0,1,0,0,0,0
-0.424940917385211,2.39989005518163,1.86470134198396,2.68728467563685,3,1,1,0,0,1,0,0,0,1,0,0,1,0,0,0,0,0,0,0,0,0,0,0,0,0,0,0,1,0,0,0,0,0,0,0,0
1.36123614580658,-0.479537394747125,-0.445407334767733,1.02701419576884,1,1,1,0,0,0,1,0,0,1,0,0,1,0,0,0,0,0,0,0,0,0,0,0,0,0,0,0,0,0,0,1,0,0,0,0,0
-0.813240278948644,0.480271755229126,-0.445407334767733,1.59815870753735,1,1,1,0,0,1,0,1,0,0,0,1,0,0,0,0,0,0,0,0,0,0,0,0,0,0,0,0,0,0,0,0,1,0,0,0,0
0.118678188803595,-0.479537394747125,-0.445407334767733,-0.552900740341379,0,0,0,1,0,0,1,0,0,1,0,0,0,0,0,0,0,0,1,0,0,0,0,0,0,0,0,0,0,0,0,1,0,0,0,0,0
-0.89090015126133,0.480271755229126,-0.445407334767733,1.78109814131075,1,0,1,0,0,0,1,1,0,0,0,0,1,0,0,0,0,0,0,0,0,0,0,0,0,0,0,0,0,0,0,1,0,0,0,0,0
-0.114301428134465,-0.479537394747125,1.86470134198396,0.179806431161459,0,1,0,0,1,1,0,1,0,0,0,0,0,0,0,0,0,0,1,0,0,0,0,0,0,0,0,0,0,0,0,0,1,0,0,0,0
-0.968560023574017,-0.479537394747125,-0.445407334767733,-0.732916849994079,0,1,0,0,1,0,1,0,0,1,0,0,0,0,0,0,0,0,1,0,0,0,0,0,0,0,0,0,0,0,0,1,0,0,0,0,0
-0.347281045072525,-0.479537394747125,-0.445407334767733,-0.921707285205241,0,0,0,0,1,0,1,0,0,1,0,0,0,0,0,0,0,0,1,0,0,0,0,0,0,0,0,0,0,0,0,1,0,0,0,0,0
1.43889601811927,-0.479537394747125,-0.445407334767733,-0.349499730001547,0,1,0,1,0,0,1,0,0,1,0,0,0,0,0,0,0,0,1,0,0,0,0,0,0,0,0,0,0,0,0,1,0,0,0,0,0
0.196338061116281,-0.479537394747125,-0.445407334767733,-0.765529688717398,0,1,0,0,1,0,1,0,0,1,0,0,0,0,0,0,0,0,1,0,0,0,0,0,0,0,0,0,0,0,0,1,0,0,0,0,0
-0.424940917385211,1.44008090520538,-0.445407334767733,1.37910309472741,0,0,0,1,0,0,1,0,0,1,0,0,0,0,0,0,0,0,1,0,0,0,0,0,0,0,0,0,0,0,0,1,0,0,0,0,0
-0.968560023574017,0.480271755229126,-0.445407334767733,1.78109814131075,1,0,1,0,0,1,0,1,0,0,0,0,1,0,0,0,0,0,0,0,0,0,0,0,0,0,0,0,0,0,0,0,1,0,0,0,0
-0.114301428134465,-0.479537394747125,-0.445407334767733,0.567983348515909,0,1,0,1,0,1,0,0,0,1,0,0,0,0,0,0,0,0,1,0,0,0,0,0,0,0,0,0,1,0,0,0,0,0,0,0,0
2.21549474124613,-0.479537394747125,1.86470134198396,1.82146287009236,1,1,1,0,0,0,1,1,0,0,0,0,0,1,0,0,0,0,0,0,0,0,0,0,0,0,0,0,0,0,0,1,0,0,0,0,0
0.506977550367027,-0.479537394747125,-0.445407334767733,0.76471020814615,1,1,1,0,0,0,1,1,0,0,1,0,0,0,0,0,0,0,0,0,0,0,0,0,0,0,0,0,0,0,0,1,0,0,0,0,0
-0.114301428134465,-0.479537394747125,-0.445407334767733,-0.946628853957751,0,1,0,0,1,0,1,0,1,0,0,0,0,0,0,0,0,0,1,0,0,0,0,0,0,0,0,0,0,0,0,1,0,0,0,0,0
-0.191961300447152,0.480271755229126,-0.445407334767733,-0.287974607482816,0,0,0,1,0,1,0,1,0,0,0,0,0,0,0,0,0,0,1,0,0,0,0,0,0,0,0,0,1,0,0,0,0,0,0,0,0
-0.114301428134465,-0.479537394747125,-0.445407334767733,-0.179608231630037,0,1,0,0,1,0,1,0,1,0,0,0,0,0,0,0,0,0,1,0,0,0,0,0,0,0,0,0,0,0,0,1,0,0,0,0,0
-0.114301428134465,0.480271755229126,-0.445407334767733,2.08550984604661,1,0,1,0,0,1,0,1,0,0,0,1,0,0,0,0,0,0,0,0,0,0,0,0,0,0,0,0,0,0,0,0,1,0,0,0,0
1.20591640118121,0.480271755229126,0.709647003608115,0.339149019935828,0,0,0,1,0,1,0,0,0,1,0,0,0,0,0,0,0,0,1,0,0,0,0,0,0,0,0,0,0,0,0,0,1,0,0,0,0
-0.114301428134465,-0.479537394747125,-0.445407334767733,-0.832539503301492,0,1,0,0,1,0,1,0,0,1,0,0,0,0,0,0,0,0,1,0,0,0,0,0,0,0,0,0,0,0,0,1,0,0,0,0,0
-0.657920534323271,-0.479537394747125,-0.445407334767733,-0.832539503301492,0,1,0,0,1,0,1,0,0,1,0,0,0,0,0,0,0,0,1,0,0,0,0,0,0,0,0,0,0,0,0,1,0,0,0,0,0
-0.114301428134465,-0.479537394747125,-0.445407334767733,-0.837464987272975,0,1,0,0,1,1,0,0,1,0,0,0,0,0,0,0,0,0,1,0,0,0,0,0,0,0,0,0,1,0,0,0,0,0,0,0,0
-0.114301428134465,-0.479537394747125,-0.445407334767733,-0.837464987272975,0,1,0,0,1,0,1,0,1,0,0,0,0,0,0,0,0,0,1,0,0,0,0,0,0,0,0,0,0,0,0,1,0,0,0,0,0
-1.20153964051208,-0.479537394747125,-0.445407334767733,-0.823248737512253,0,1,0,0,1,1,0,0,0,1,0,0,0,0,0,0,0,0,1,0,0,0,0,0,0,0,0,0,1,0,0,0,0,0,0,0,0
-0.114301428134465,7.19893580506288,1.86470134198396,1.32277270378048,0,0,0,0,1,0,1,0,0,1,0,0,0,0,0,0,0,0,1,0,0,0,0,0,0,0,0,0,0,0,0,1,0,0,0,0,0
1.74953550737001,0.480271755229126,0.709647003608115,1.62499213006611,1,1,1,0,0,1,0,0,0,1,0,1,0,0,0,0,0,0,0,0,0,0,0,0,0,0,0,0,0,0,0,0,1,0,0,0,0
-1.74515874670088,-0.479537394747125,1.86470134198396,0.339149019935828,0,0,0,1,0,1,0,0,0,1,0,0,0,0,0,0,0,0,1,0,0,0,0,0,0,0,0,0,1,0,0,0,0,0,0,0,0
1.59421576274464,-0.479537394747125,-0.445407334767733,-0.552900740341379,0,0,0,1,0,1,0,0,0,1,0,0,0,0,0,0,0,0,1,0,0,0,0,0,0,0,0,0,1,0,0,0,0,0,0,0,0
0.856446975774117,-0.479537394747125,1.86470134198396,-0.244255096327945,0,0,0,0,1,0,1,0,0,1,0,0,0,0,0,0,0,0,1,0,0,0,0,0,0,0,0,0,0,0,0,1,0,0,0,0,0
0.196338061116281,-0.479537394747125,-0.445407334767733,-0.552900740341379,0,0,0,1,0,0,1,0,0,1,0,0,0,0,0,0,0,0,1,0,0,0,0,0,0,0,0,0,0,0,0,1,0,0,0,0,0
1.51655589043195,-0.479537394747125,-0.445407334767733,-3.0783194353752,0,0,0,0,1,0,1,0,0,1,0,0,0,0,0,0,0,0,1,0,0,0,0,0,0,0,0,0,0,0,0,1,0,0,0,0,0
2.3708144858715,-0.479537394747125,-0.445407334767733,0.350470443748243,0,1,1,0,0,0,1,0,0,1,0,0,0,0,0,0,0,0,1,0,1,0,0,0,0,0,0,0,0,0,0,0,0,0,0,0,0
-0.0366415558217784,-0.479537394747125,-0.445407334767733,-0.552900740341379,1,0,0,1,0,1,0,0,0,1,0,0,0,0,0,1,0,0,0,0,0,0,0,0,0,0,0,0,0,0,0,0,1,0,0,0,0
1.24474633733755,-0.479537394747125,-0.445407334767733,0.421184246357655,1,1,1,0,0,0,1,0,0,1,0,0,1,0,0,0,0,0,0,0,0,0,0,0,0,0,0,0,0,0,0,1,0,0,0,0,0
1.36123614580658,-0.479537394747125,-0.445407334767733,-0.211426528108314,0,1,0,1,0,0,1,0,0,1,0,0,0,0,0,0,0,0,1,0,0,0,0,0,0,0,0,0,0,0,0,1,0,0,0,0,0
-0.424940917385211,0.480271755229126,1.86470134198396,1.2538382220034,0,1,0,1,0,1,0,0,0,1,0,0,0,0,0,0,0,0,1,0,0,0,0,0,0,0,0,0,1,0,0,0,0,0,0,0,0
-0.347281045072525,-0.479537394747125,0.709647003608115,0.329618878325901,0,1,0,1,0,1,0,0,0,1,0,0,0,0,0,0,0,0,1,0,0,0,0,0,0,0,0,0,0,0,0,0,1,0,0,0,0
0.972936784243147,-0.479537394747125,0.709647003608115,-0.760934483919397,0,1,0,0,1,0,1,0,0,1,0,0,0,0,0,0,0,0,1,0,0,0,0,0,0,0,0,0,0,0,0,1,0,0,0,0,0
-0.114301428134465,-0.479537394747125,-0.445407334767733,-3.0783194353752,1,1,1,0,0,0,1,0,0,1,0,1,0,0,0,0,0,0,0,0,0,0,0,0,0,0,0,0,0,0,0,1,0,0,0,0,0
2.3708144858715,0.480271755229126,0.709647003608115,0.736030041679037,0,1,0,1,0,0,1,0,0,1,0,0,0,0,0,0,0,0,1,0,0,0,0,0,0,0,0,0,0,0,0,1,0,0,0,0,0
1.90485525199538,0.480271755229126,-0.445407334767733,1.16215679661197,0,0,1,0,0,1,0,1,0,0,0,0,0,0,0,0,0,0,1,0,0,0,0,0,0,0,0,0,0,0,0,0,1,0,0,0,0
-0.114301428134465,1.44008090520538,-0.445407334767733,-0.81501343889775,0,1,0,0,1,0,1,0,0,1,0,0,0,0,0,0,0,0,1,0,0,0,0,0,0,0,0,0,0,0,0,1,0,0,0,0,0
-0.114301428134465,-0.479537394747125,-0.445407334767733,-0.818401974534245,0,1,0,0,1,0,1,1,0,0,0,0,0,0,0,0,0,0,1,0,0,0,0,0,0,0,0,0,0,0,0,1,0,0,0,0,0
-0.191961300447152,-0.479537394747125,-0.445407334767733,0.329618878325901,0,1,0,1,0,0,1,0,0,1,0,0,0,0,0,0,0,0,1,0,0,0,0,0,0,0,0,0,0,0,0,1,0,0,0,0,0
-0.657920534323271,-0.479537394747125,-0.445407334767733,-0.800631940794324,0,0,0,0,1,0,1,0,0,1,0,0,0,0,0,0,0,0,1,0,0,0,0,0,0,0,0,0,0,0,0,1,0,0,0,0,0
-0.114301428134465,0.480271755229126,-0.445407334767733,-0.142675268276441,0,1,0,0,1,1,0,0,0,1,0,0,0,0,0,0,0,0,1,0,0,0,0,0,0,0,0,0,0,0,0,0,1,0,0,0,0
-0.114301428134465,0.480271755229126,-0.445407334767733,-0.142675268276441,0,1,0,0,1,1,0,0,0,1,0,0,0,0,0,0,0,0,1,0,0,0,0,0,0,0,0,0,0,0,0,0,1,0,0,0,0
0.429317678054341,-0.479537394747125,-0.445407334767733,3.37487052232755,0,0,1,0,0,1,0,1,0,0,0,0,0,0,0,0,0,0,1,0,0,0,0,0,0,0,0,0,1,0,0,0,0,0,0,0,0
2.60379410280956,-0.479537394747125,-0.445407334767733,-0.638385675366192,0,1,0,0,1,1,0,0,0,1,0,0,0,0,0,0,0,0,1,0,0,0,0,0,0,0,0,0,0,0,0,0,1,0,0,0,0
-0.89090015126133,-0.479537394747125,-0.445407334767733,-0.865974155480267,0,1,0,0,1,1,0,0,0,1,0,0,0,0,0,0,0,0,1,0,0,0,0,0,0,0,0,0,1,0,0,0,0,0,0,0,0
-0.114301428134465,-0.479537394747125,-0.445407334767733,0.393505098169823,0,0,1,0,0,0,1,1,0,0,0,0,0,0,0,0,0,0,1,0,0,0,0,0,0,0,0,0,0,0,0,1,0,0,0,0,0
-0.89090015126133,0.480271755229126,-0.445407334767733,2.53807298494211,2,0,1,0,0,1,0,1,0,0,0,0,1,0,0,0,0,0,0,0,0,0,0,0,0,0,0,0,0,0,0,0,1,0,0,0,0
0.0410183164909081,-0.479537394747125,-0.445407334767733,-0.552900740341379,0,0,0,1,0,0,1,0,0,1,0,0,0,0,0,0,0,0,1,0,0,0,0,0,0,0,0,0,0,0,0,1,0,0,0,0,0
-0.114301428134465,0.480271755229126,-0.445407334767733,-0.142675268276441,0,1,0,0,1,0,1,0,0,1,0,0,0,0,0,0,0,0,1,0,0,0,0,0,0,0,0,0,0,0,0,1,0,0,0,0,0
0.817617039617773,0.480271755229126,-0.445407334767733,-0.64943161709258,0,1,0,0,1,1,0,0,0,1,0,0,0,0,0,0,0,0,1,0,0,0,0,0,0,0,0,0,0,0,0,0,1,0,0,0,0
-0.347281045072525,-0.479537394747125,-0.445407334767733,-0.836470914569441,0,1,0,0,1,0,1,0,1,0,0,0,0,0,0,0,0,0,1,0,0,0,0,0,0,0,0,0,0,0,0,1,0,0,0,0,0
-0.657920534323271,-0.479537394747125,-0.445407334767733,-0.800631940794324,0,0,0,0,1,0,1,0,0,1,0,0,0,0,0,0,0,0,1,0,0,0,0,0,0,0,0,0,0,0,0,1,0,0,0,0,0
-0.0366415558217784,-0.479537394747125,-0.445407334767733,-0.835489613847638,0,1,0,0,1,0,1,0,1,0,0,0,0,0,0,0,0,0,1,0,0,0,0,0,0,0,0,0,0,0,0,1,0,0,0,0,0
-0.424940917385211,0.480271755229126,-0.445407334767733,-0.157904012539343,0,0,0,0,1,1,0,0,0,1,0,0,0,0,0,0,0,0,1,0,0,0,0,0,0,0,0,0,0,0,0,0,1,0,0,0,0
-0.114301428134465,-0.479537394747125,-0.445407334767733,-0.818401974534245,0,1,0,0,1,0,1,0,0,1,0,0,0,0,0,0,0,0,1,0,0,0,0,0,0,0,0,0,0,0,0,1,0,0,0,0,0
-0.89090015126133,-0.479537394747125,-0.445407334767733,-0.835489613847638,0,1,0,0,1,0,1,0,0,1,0,0,0,0,0,0,0,0,1,0,0,0,0,0,0,0,0,0,0,0,0,1,0,0,0,0,0
-0.813240278948644,-0.479537394747125,-0.445407334767733,-0.788331513698677,0,0,0,0,1,0,1,0,0,1,0,0,0,0,0,0,0,0,1,0,0,0,0,0,0,0,0,0,0,0,0,1,0,0,0,0,0
-0.114301428134465,-0.479537394747125,-0.445407334767733,-0.835489613847638,0,1,0,0,1,0,1,0,1,0,0,0,0,0,0,0,0,0,1,0,0,0,0,0,0,0,0,0,0,0,0,1,0,0,0,0,0
-0.114301428134465,0.480271755229126,0.709647003608115,-0.195662284123343,0,1,0,0,1,0,1,1,0,0,0,0,0,0,0,0,0,0,1,0,0,0,0,0,0,0,0,1,0,0,0,0,0,0,0,0,0
-0.89090015126133,-0.479537394747125,-0.445407334767733,-0.960978323144665,0,1,0,0,1,1,0,0,1,0,0,0,0,0,0,0,0,0,1,0,0,0,0,0,0,0,0,0,1,0,0,0,0,0,0,0,0
-0.114301428134465,-0.479537394747125,-0.445407334767733,-0.835489613847638,0,1,0,0,1,1,0,0,1,0,0,0,0,0,0,0,0,0,1,0,0,0,0,0,0,0,0,0,1,0,0,0,0,0,0,0,0
-0.813240278948644,2.39989005518163,1.86470134198396,2.68728467563685,3,1,1,0,0,0,1,0,0,1,0,0,1,0,0,0,0,0,0,0,0,0,0,0,0,0,0,0,0,0,0,1,0,0,0,0,0
0.506977550367027,0.480271755229126,1.86470134198396,1.88059054994783,2,1,1,0,0,1,0,0,0,1,0,1,0,0,0,0,0,0,0,0,0,0,0,0,0,0,0,0,0,0,0,0,1,0,0,0,0
0.739957167305087,-0.479537394747125,-0.445407334767733,0.256225697983765,0,0,0,0,1,0,1,0,0,1,0,0,0,0,0,0,0,0,1,0,0,0,0,0,0,0,0,0,0,0,0,1,0,0,0,0,0
-0.386110981228868,-0.479537394747125,-0.445407334767733,-0.800631940794324,0,1,0,0,1,0,1,0,0,1,0,0,0,0,0,0,0,0,1,0,0,0,0,0,0,0,0,0,0,0,0,1,0,0,0,0,0
0.506977550367027,-0.479537394747125,-0.445407334767733,-0.552900740341379,0,0,0,1,0,0,1,0,0,1,0,0,0,0,0,0,0,0,1,0,0,0,0,0,0,0,0,0,0,0,0,1,0,0,0,0,0
-0.114301428134465,-0.479537394747125,-0.445407334767733,0.326742623216737,0,0,1,0,0,0,1,0,0,1,0,0,0,0,0,0,0,0,1,0,0,0,0,0,0,0,0,0,0,0,0,1,0,0,0,0,0
-0.114301428134465,-0.479537394747125,-0.445407334767733,-0.552900740341379,0,0,0,1,0,0,1,0,0,1,0,0,0,0,0,0,0,0,1,0,0,0,0,0,0,0,0,0,0,0,0,1,0,0,0,0,0
-0.191961300447152,-0.479537394747125,1.86470134198396,-0.497470709778225,0,1,0,0,1,1,0,0,0,1,0,0,0,0,0,0,0,0,1,0,0,0,0,0,0,0,0,0,0,0,0,0,1,0,0,0,0
-0.191961300447152,-0.479537394747125,-0.445407334767733,-0.83009140971636,0,1,0,0,1,0,1,0,0,1,0,0,0,0,0,0,0,0,1,0,0,0,0,0,0,0,0,0,0,0,0,1,0,0,0,0,0
-2.23053294865517,1.44008090520538,0.709647003608115,0.0325755934526128,0,1,0,0,1,1,0,1,0,0,0,0,0,0,0,0,0,0,1,0,0,0,0,0,0,0,0,0,1,0,0,0,0,0,0,0,0
-0.114301428134465,1.44008090520538,-0.445407334767733,0.149298727808493,0,1,0,0,1,0,1,1,0,0,0,0,0,0,0,0,0,0,1,0,0,0,0,0,0,0,0,0,0,0,0,1,0,0,0,0,0
0.6622972949924,-0.479537394747125,-0.445407334767733,-0.732916849994079,0,1,0,0,1,0,1,0,0,1,0,0,0,0,0,0,0,0,1,0,0,0,0,0,0,0,0,0,0,0,0,1,0,0,0,0,0
0.429317678054341,-0.479537394747125,-0.445407334767733,0.329618878325901,0,1,0,1,0,0,1,0,0,1,0,0,0,0,0,0,0,0,1,0,0,0,0,0,0,0,0,0,0,0,0,1,0,0,0,0,0
1.59421576274464,-0.479537394747125,-0.445407334767733,-0.349499730001547,0,1,0,1,0,0,1,0,0,1,0,0,0,0,0,0,0,0,1,0,0,0,0,0,0,0,0,0,0,0,0,1,0,0,0,0,0
-0.114301428134465,-0.479537394747125,-0.445407334767733,1.11120352559477,0,1,0,0,1,0,1,0,0,1,0,0,0,0,0,0,0,0,1,0,0,0,0,0,0,0,0,0,0,0,0,1,0,0,0,0,0
-0.0366415558217784,0.480271755229126,-0.445407334767733,1.27860618569113,1,1,1,0,0,0,1,0,0,1,0,0,1,0,0,0,0,0,0,0,0,0,0,0,0,0,0,0,0,0,0,1,0,0,0,0,0
-0.114301428134465,-0.479537394747125,-0.445407334767733,-0.835489613847638,0,1,0,0,1,1,0,0,1,0,0,0,0,0,0,0,0,0,1,0,0,0,0,0,0,0,0,0,1,0,0,0,0,0,0,0,0
0.118678188803595,0.480271755229126,0.709647003608115,0.339149019935828,0,0,0,1,0,1,0,0,0,1,0,0,0,0,0,0,0,0,1,0,0,0,0,0,0,0,0,0,0,0,0,0,1,0,0,0,0
-0.813240278948644,-0.479537394747125,-0.445407334767733,-0.847374952118239,2,1,0,0,1,0,1,0,0,1,0,0,0,0,0,1,0,0,0,0,0,0,0,0,0,0,0,0,0,0,0,1,0,0,0,0,0
-0.502600789697898,-0.479537394747125,-0.445407334767733,-0.823248737512253,0,1,0,0,1,0,1,0,0,1,0,0,0,0,0,0,0,0,1,0,0,0,0,0,0,0,0,0,0,0,0,1,0,0,0,0,0
1.98251512430807,-0.479537394747125,-0.445407334767733,-0.148739878300812,0,1,0,1,0,1,0,0,0,1,0,0,0,0,0,0,0,0,1,0,0,0,0,0,0,0,0,0,0,0,0,0,1,0,0,0,0
0.196338061116281,-0.479537394747125,-0.445407334767733,-0.823248737512253,0,1,0,0,1,0,1,0,0,1,0,0,0,0,0,0,0,0,1,0,0,0,0,0,0,0,0,0,0,0,0,1,0,0,0,0,0
-1.58983900207551,1.44008090520538,1.86470134198396,0.60897662129651,0,0,0,0,1,1,0,0,0,1,0,0,0,0,0,0,0,0,1,0,0,0,0,0,0,0,0,0,1,0,0,0,0,0,0,0,0
-1.58983900207551,-0.479537394747125,1.86470134198396,0.0952889646161286,0,1,0,0,1,0,1,0,0,1,0,0,0,0,0,0,0,0,1,0,0,0,0,0,0,0,0,1,0,0,0,0,0,0,0,0,0
-1.0462198958867,-0.479537394747125,-0.445407334767733,-0.835489613847638,0,1,0,0,1,1,0,0,1,0,0,0,0,0,0,0,0,0,1,0,0,0,0,0,0,0,0,0,1,0,0,0,0,0,0,0,0
-0.968560023574017,0.480271755229126,0.709647003608115,-0.898941716560972,0,1,0,0,1,0,1,1,0,0,0,0,0,0,0,0,0,0,1,0,0,0,0,0,0,0,0,0,0,0,0,1,0,0,0,0,0
-0.114301428134465,-0.479537394747125,-0.445407334767733,-0.800631940794324,0,1,0,0,1,0,1,0,0,1,0,0,0,0,0,0,0,0,1,0,0,0,0,0,0,0,0,0,0,0,0,1,0,0,0,0,0
2.06017499662076,-0.479537394747125,-0.445407334767733,0.350470443748243,0,1,1,0,0,0,1,0,0,1,0,0,0,0,0,0,0,0,1,0,0,0,0,0,0,0,0,0,0,0,0,1,0,0,0,0,0
-0.657920534323271,-0.479537394747125,-0.445407334767733,-0.835489613847638,0,1,0,0,1,1,0,0,1,0,0,0,0,0,0,0,0,0,1,0,0,0,0,0,0,0,0,0,1,0,0,0,0,0,0,0,0
0.0410183164909081,0.480271755229126,0.709647003608115,0.256225697983765,0,1,0,0,1,1,0,0,0,1,0,0,0,0,0,0,0,0,1,0,0,0,0,0,0,0,0,0,0,0,0,0,1,0,0,0,0
0.0410183164909081,-0.479537394747125,-0.445407334767733,-0.349499730001547,0,1,0,1,0,0,1,0,0,1,0,0,0,0,0,0,0,0,1,0,0,0,0,0,0,0,0,0,0,0,0,1,0,0,0,0,0
-0.114301428134465,-0.479537394747125,-0.445407334767733,-0.835489613847638,0,1,0,0,1,1,0,0,1,0,0,0,0,0,0,0,0,0,1,0,0,0,0,0,0,0,0,0,1,0,0,0,0,0,0,0,0
-0.89090015126133,-0.479537394747125,-0.445407334767733,-0.832539503301492,0,1,0,0,1,1,0,0,0,1,0,0,0,0,0,0,0,0,1,0,0,0,0,0,0,0,0,0,1,0,0,0,0,0,0,0,0
-0.114301428134465,-0.479537394747125,-0.445407334767733,-0.837950536714633,0,1,0,0,1,0,1,0,1,0,0,0,0,0,0,0,0,0,1,0,0,0,0,0,0,0,0,0,0,0,0,1,0,0,0,0,0
-0.114301428134465,-0.479537394747125,-0.445407334767733,-0.93463261656831,0,1,0,0,1,0,1,0,1,0,0,0,0,0,0,0,0,0,1,0,0,0,0,0,0,0,0,0,0,0,0,1,0,0,0,0,0
0.118678188803595,-0.479537394747125,-0.445407334767733,0.99724324104631,1,0,1,0,0,0,1,0,0,1,1,0,0,0,0,0,0,0,0,0,0,0,0,0,0,0,0,0,0,0,0,1,0,0,0,0,0
-0.114301428134465,-0.479537394747125,-0.445407334767733,-3.0783194353752,0,1,0,1,0,0,1,0,0,1,0,0,0,0,0,0,0,0,1,0,0,0,0,0,0,0,0,0,0,0,0,1,0,0,0,0,0
-0.424940917385211,-0.479537394747125,3.01975568035981,0.0325755934526128,0,1,0,0,1,1,0,1,0,0,0,0,0,0,0,0,0,0,1,0,0,0,0,0,0,0,0,0,0,0,0,0,1,0,0,0,0
-0.347281045072525,-0.479537394747125,-0.445407334767733,-0.349499730001547,0,0,0,1,0,0,1,0,0,1,0,0,0,0,0,0,0,0,1,0,0,0,0,0,0,0,0,0,0,0,0,1,0,0,0,0,0
2.83677371974762,-0.479537394747125,-0.445407334767733,-0.552900740341379,0,0,0,1,0,0,1,0,0,1,0,0,0,0,0,0,0,0,1,0,0,0,0,0,0,0,0,0,0,0,0,1,0,0,0,0,0
0.273997933428968,-0.479537394747125,-0.445407334767733,-0.818401974534245,0,1,0,0,1,0,1,0,0,1,0,0,0,0,0,0,0,0,1,0,0,0,0,0,0,0,0,0,0,0,0,1,0,0,0,0,0
-0.89090015126133,-0.479537394747125,-0.445407334767733,1.37910309472741,0,0,0,1,0,0,1,0,0,1,0,0,0,0,0,0,0,0,1,0,0,0,0,0,0,0,0,0,0,0,0,1,0,0,0,0,0
-2.211117980577,0.480271755229126,1.86470134198396,0.0976880678849972,0,0,0,0,1,0,1,0,0,1,0,0,0,0,0,0,0,0,1,0,0,0,0,0,0,0,0,1,0,0,0,0,0,0,0,0,0
0.351657805741654,-0.479537394747125,-0.445407334767733,-0.349499730001547,0,1,0,1,0,0,1,0,0,1,0,0,0,0,0,0,0,0,1,0,0,0,0,0,0,0,0,0,0,0,0,1,0,0,0,0,0
-1.97813836363894,0.480271755229126,0.709647003608115,-0.497470709778225,0,1,0,0,1,0,1,0,0,1,0,0,0,0,0,0,0,0,1,0,0,0,0,0,0,0,0,1,0,0,0,0,0,0,0,0,0
0.273997933428968,-0.479537394747125,-0.445407334767733,-0.646966745734622,0,1,0,0,1,0,1,0,0,1,0,0,0,0,0,0,0,0,1,0,0,0,0,0,0,0,0,0,0,0,0,1,0,0,0,0,0
-0.114301428134465,-0.479537394747125,-0.445407334767733,-0.818401974534245,0,1,0,0,1,0,1,0,0,1,0,0,0,0,0,0,0,0,1,0,0,0,0,0,0,0,0,0,0,0,0,1,0,0,0,0,0
2.44847435818419,-0.479537394747125,-0.445407334767733,0.583078697558988,1,1,1,0,0,0,1,0,0,1,0,1,0,0,0,0,0,0,0,0,0,0,0,0,0,0,0,0,0,0,0,1,0,0,0,0,0
-0.114301428134465,0.480271755229126,-0.445407334767733,1.49294503502544,0,0,1,0,0,0,1,1,0,0,0,0,0,0,0,0,0,0,1,0,0,0,0,0,0,0,0,0,0,0,0,1,0,0,0,0,0
0.118678188803595,0.480271755229126,0.709647003608115,0.339149019935828,0,0,0,1,0,0,1,0,0,1,0,0,0,0,0,0,0,0,1,0,0,0,0,0,0,0,0,0,0,0,0,1,0,0,0,0,0
0.118678188803595,-0.479537394747125,-0.445407334767733,-0.832539503301492,0,1,0,0,1,0,1,0,0,1,0,0,0,0,0,0,0,0,1,0,0,0,0,0,0,0,0,0,0,0,0,1,0,0,0,0,0
0.739957167305087,-0.479537394747125,-0.445407334767733,-3.0783194353752,1,1,1,0,0,0,1,0,0,1,1,0,0,0,0,0,0,0,0,0,0,0,0,0,0,0,0,0,0,0,0,1,0,0,0,0,0
-0.114301428134465,-0.479537394747125,-0.445407334767733,-0.826172422250241,0,1,0,0,1,1,0,0,1,0,0,0,0,0,0,0,0,0,1,0,0,0,0,0,0,0,0,0,1,0,0,0,0,0,0,0,0
2.52613423049688,-0.479537394747125,-0.445407334767733,-0.552900740341379,0,0,0,1,0,0,1,0,0,1,0,0,0,0,0,0,0,0,1,0,0,0,0,0,0,0,0,0,0,0,0,1,0,0,0,0,0
-0.114301428134465,-0.479537394747125,-0.445407334767733,-0.244255096327945,0,1,0,0,1,0,1,0,0,1,0,0,0,0,0,0,0,0,1,0,0,0,0,0,0,0,0,0,0,0,0,1,0,0,0,0,0
-0.347281045072525,-0.479537394747125,-0.445407334767733,-0.832539503301492,0,1,0,0,1,1,0,0,0,1,0,0,0,0,0,0,0,0,1,0,0,0,0,0,0,0,0,0,1,0,0,0,0,0,0,0,0
-1.0462198958867,-0.479537394747125,0.709647003608115,1.13754287549005,1,1,1,0,0,1,0,1,0,0,0,1,0,0,0,0,0,0,0,0,0,0,0,0,0,0,0,0,1,0,0,0,0,0,0,0,0
0.739957167305087,-0.479537394747125,-0.445407334767733,-0.81501343889775,0,0,0,0,1,0,1,0,0,1,0,0,0,0,0,0,0,0,1,0,0,0,0,0,0,0,0,0,0,0,0,1,0,0,0,0,0
0.273997933428968,-0.479537394747125,-0.445407334767733,1.54541340957315,1,1,1,0,0,1,0,0,0,1,0,1,0,0,0,0,0,0,0,0,0,0,0,0,0,0,0,0,0,0,0,0,0,0,0,0,1
2.60379410280956,0.480271755229126,-0.445407334767733,1.43920069767998,1,1,1,0,0,1,0,0,0,1,0,0,0,1,0,0,0,0,0,0,0,0,0,0,0,0,0,0,1,0,0,0,0,0,0,0,0
-2.13345810826431,2.39989005518163,0.709647003608115,0.121377833597246,0,1,0,0,1,0,1,0,0,1,0,0,0,0,0,0,0,0,1,0,0,0,0,0,0,0,0,1,0,0,0,0,0,0,0,0,0
-1.0462198958867,-0.479537394747125,0.709647003608115,0.746318813583462,1,0,1,0,0,1,0,0,0,1,0,0,0,1,0,0,0,0,0,0,0,0,0,0,0,0,0,0,1,0,0,0,0,0,0,0,0
2.21549474124613,-0.479537394747125,-0.445407334767733,2.08550984604661,1,0,1,0,0,1,0,1,0,0,0,1,0,0,0,0,0,0,0,0,0,0,0,0,0,0,0,0,1,0,0,0,0,0,0,0,0
-0.114301428134465,-0.479537394747125,-0.445407334767733,-0.899469588457921,0,1,0,0,1,0,1,1,0,0,0,0,0,0,0,0,0,0,1,0,0,0,0,0,0,0,0,0,0,0,0,1,0,0,0,0,0
-0.424940917385211,-0.479537394747125,1.86470134198396,-0.10701611234605,1,0,0,0,1,1,0,0,0,1,0,0,0,0,0,0,1,0,0,0,0,0,0,0,0,0,0,0,0,0,0,0,1,0,0,0,0
1.28357627349389,0.480271755229126,-0.445407334767733,1.19210583127653,1,0,1,0,0,0,1,0,0,1,0,0,0,0,1,0,0,0,0,0,0,0,0,0,0,0,0,0,0,0,0,1,0,0,0,0,0
-0.114301428134465,2.39989005518163,0.709647003608115,0.308990807192531,0,1,0,0,1,0,1,0,0,1,0,0,0,0,0,0,0,0,1,0,0,0,0,0,0,0,0,1,0,0,0,0,0,0,0,0,0
-0.114301428134465,-0.479537394747125,-0.445407334767733,-0.835489613847638,1,1,0,0,1,0,1,0,1,0,0,0,0,0,0,1,0,0,0,0,0,0,0,0,0,0,0,0,0,0,0,1,0,0,0,0,0
-0.968560023574017,-0.479537394747125,-0.445407334767733,-0.732916849994079,0,1,0,0,1,0,1,0,0,1,0,0,0,0,0,0,0,0,1,0,0,0,0,0,0,0,0,0,0,0,0,1,0,0,0,0,0
-0.580260662010584,-0.479537394747125,-0.445407334767733,-0.835489613847638,0,1,0,0,1,1,0,0,0,1,0,0,0,0,0,0,0,0,1,0,0,0,0,0,0,0,0,0,1,0,0,0,0,0,0,0,0
-0.114301428134465,-0.479537394747125,-0.445407334767733,-0.898941716560972,0,1,0,0,1,0,1,1,0,0,0,0,0,0,0,0,0,0,1,0,0,0,0,0,0,0,0,0,0,0,0,1,0,0,0,0,0
-0.0366415558217784,-0.479537394747125,-0.445407334767733,0.472468130488776,1,1,1,0,0,0,1,0,0,1,0,0,0,1,0,0,0,0,0,0,0,0,0,0,0,0,0,0,0,0,0,1,0,0,0,0,0
-1.16270970435573,0.480271755229126,-0.445407334767733,-0.247314961032635,0,1,0,0,1,1,0,1,0,0,0,0,0,0,0,0,0,0,1,0,0,0,0,0,0,0,0,0,1,0,0,0,0,0,0,0,0
-2.05579823595163,2.39989005518163,0.709647003608115,0.121377833597246,0,1,0,0,1,1,0,0,0,1,0,0,0,0,0,0,0,0,1,0,0,0,0,0,0,0,0,0,1,0,0,0,0,0,0,0,0
1.51655589043195,0.480271755229126,-0.445407334767733,1.11896862604604,1,0,1,0,0,0,1,1,0,0,1,0,0,0,0,0,0,0,0,0,0,0,0,0,0,0,0,0,0,0,0,0,0,0,0,1,0
-0.114301428134465,-0.479537394747125,-0.445407334767733,-0.896331458446758,0,1,0,0,1,0,1,0,0,1,0,0,0,0,0,0,0,0,1,0,0,0,0,0,0,0,0,0,0,0,0,1,0,0,0,0,0
0.817617039617773,-0.479537394747125,-0.445407334767733,-0.164058870265715,0,0,0,1,0,1,0,0,0,1,0,0,0,0,0,0,0,0,1,0,0,0,0,0,0,0,0,0,0,0,0,0,1,0,0,0,0
1.20591640118121,0.480271755229126,4.17481001873566,0.399936655352781,0,1,0,0,1,1,0,0,0,1,0,0,0,0,0,0,0,0,1,0,0,0,0,0,0,0,0,0,0,0,0,0,1,0,0,0,0
0.817617039617773,-0.479537394747125,-0.445407334767733,0.505296698708407,1,1,1,0,0,0,1,1,0,0,1,0,0,0,0,0,0,0,0,0,0,0,0,0,0,0,0,0,0,0,0,1,0,0,0,0,0
-0.424940917385211,-0.479537394747125,1.86470134198396,-0.244255096327945,0,1,0,1,0,1,0,0,0,1,0,0,0,0,0,0,0,0,1,0,0,0,0,0,0,0,0,0,0,0,0,0,1,0,0,0,0
-0.114301428134465,-0.479537394747125,-0.445407334767733,-3.0783194353752,0,1,0,1,0,0,1,0,0,1,0,0,0,0,0,0,0,0,1,0,0,0,0,0,0,0,0,0,0,0,0,1,0,0,0,0,0
0.351657805741654,-0.479537394747125,-0.445407334767733,-0.349499730001547,0,1,0,1,0,0,1,0,0,1,0,0,0,0,0,0,0,0,1,0,0,0,0,0,0,0,0,0,0,0,0,1,0,0,0,0,0
0.972936784243147,-0.479537394747125,-0.445407334767733,-0.847374952118239,2,1,0,0,1,0,1,0,0,1,0,0,0,0,0,1,0,0,0,0,0,0,0,0,0,0,0,0,0,0,0,1,0,0,0,0,0
-0.114301428134465,-0.479537394747125,-0.445407334767733,1.45533507519294,0,0,1,0,0,1,0,1,0,0,0,0,0,0,0,0,0,0,1,0,0,0,0,0,0,0,0,0,0,0,0,0,1,0,0,0,0
-0.191961300447152,-0.479537394747125,-0.445407334767733,-0.349499730001547,0,1,0,1,0,0,1,0,0,1,0,0,0,0,0,0,0,0,1,0,0,0,0,0,0,0,0,0,0,0,0,0,0,0,1,0,0
0.506977550367027,-0.479537394747125,-0.445407334767733,-0.818401974534245,0,1,0,0,1,0,1,0,0,1,0,0,0,0,0,0,0,0,1,0,0,0,0,0,0,0,0,0,0,0,0,1,0,0,0,0,0
1.20591640118121,-0.479537394747125,-0.445407334767733,0.641348369077953,1,1,1,0,0,0,1,0,0,1,0,0,0,0,0,0,0,1,0,0,0,0,0,0,0,0,0,0,0,0,0,1,0,0,0,0,0
-2.05579823595163,0.480271755229126,0.709647003608115,0.00630018996997661,0,1,0,1,0,0,1,0,0,1,0,0,0,0,0,0,0,0,1,0,0,0,0,0,0,0,0,1,0,0,0,0,0,0,0,0,0
-0.347281045072525,0.480271755229126,1.86470134198396,0.800641812005327,0,0,0,1,0,0,1,1,0,0,0,0,0,0,0,0,0,0,1,0,0,0,0,0,0,0,0,0,0,0,0,1,0,0,0,0,0
-0.347281045072525,0.480271755229126,-0.445407334767733,0.329618878325901,0,1,0,1,0,0,1,0,0,1,0,0,0,0,0,0,0,0,1,0,0,0,0,0,0,0,0,0,0,0,0,1,0,0,0,0,0
-0.0366415558217784,-0.479537394747125,-0.445407334767733,-0.82082251622713,0,1,0,0,1,0,1,0,0,1,0,0,0,0,0,0,0,0,1,0,0,0,0,0,0,0,0,0,0,0,0,1,0,0,0,0,0
2.29315461355882,-0.479537394747125,-0.445407334767733,-0.896331458446758,0,1,0,0,1,0,1,0,0,1,0,0,0,0,0,0,0,0,1,0,0,0,0,0,0,0,0,0,0,0,0,1,0,0,0,0,0
1.20591640118121,0.480271755229126,0.709647003608115,2.20671196526814,0,1,1,0,0,1,0,0,0,1,0,0,0,0,0,0,0,0,1,0,0,0,0,0,0,0,0,0,0,0,0,0,1,0,0,0,0
1.74953550737001,0.480271755229126,0.709647003608115,1.46112067773211,1,1,1,0,0,0,1,0,0,1,0,0,0,0,1,0,0,0,0,0,0,0,0,0,0,0,0,0,0,0,0,1,0,0,0,0,0
0.89527691193046,-0.479537394747125,-0.445407334767733,1.9976212783409,1,1,1,0,0,1,0,1,0,0,0,0,0,0,1,0,0,0,0,0,0,0,0,0,0,0,0,0,1,0,0,0,0,0,0,0,0
-0.657920534323271,1.44008090520538,1.86470134198396,0.60897662129651,0,0,0,0,1,1,0,0,0,1,0,0,0,0,0,0,0,0,1,0,0,0,0,0,0,0,0,0,1,0,0,0,0,0,0,0,0
0.0410183164909081,-0.479537394747125,-0.445407334767733,1.54541340957315,1,1,1,0,0,1,0,0,0,1,0,1,0,0,0,0,0,0,0,0,0,0,0,0,0,0,0,0,1,0,0,0,0,0,0,0,0
1.43889601811927,-0.479537394747125,-0.445407334767733,0.350470443748243,1,1,1,0,0,0,1,0,0,1,0,0,0,0,1,0,0,0,0,0,0,0,0,0,0,0,0,0,0,0,0,1,0,0,0,0,0
-0.735580406635957,-0.479537394747125,-0.445407334767733,-0.613461981796286,0,1,0,0,1,0,1,0,0,1,0,0,0,0,0,0,0,0,1,0,0,0,0,0,0,0,0,0,0,0,0,1,0,0,0,0,0
-1.43451925745014,4.31950835513413,1.86470134198396,0.922396468874865,0,0,0,0,1,0,1,0,0,1,0,0,0,0,0,0,0,0,1,0,0,0,0,0,0,0,0,1,0,0,0,0,0,0,0,0,0
1.05059665655583,0.480271755229126,0.709647003608115,0.339149019935828,0,0,0,1,0,0,1,0,0,1,0,0,0,0,0,0,0,0,1,0,0,0,0,0,0,0,0,0,0,0,0,1,0,0,0,0,0
-0.114301428134465,0.480271755229126,-0.445407334767733,-0.179608231630037,0,1,0,0,1,1,0,0,1,0,0,0,0,0,0,0,0,0,1,0,0,0,0,0,0,0,0,0,0,0,0,0,1,0,0,0,0
-0.114301428134465,-0.479537394747125,-0.445407334767733,-0.800631940794324,0,0,0,0,1,0,1,0,0,1,0,0,0,0,0,0,0,0,1,0,0,0,0,0,0,0,0,0,0,0,0,1,0,0,0,0,0
-0.114301428134465,-0.479537394747125,-0.445407334767733,-3.0783194353752,0,1,0,1,0,0,1,0,0,1,0,0,0,0,0,0,0,0,1,0,0,0,0,0,0,0,0,0,0,0,0,1,0,0,0,0,0
3.14741320899837,0.480271755229126,0.709647003608115,1.3438091208757,1,0,1,0,0,0,1,0,0,1,0,1,0,0,0,0,0,0,0,1,0,0,0,0,0,0,0,0,0,0,0,0,0,0,0,0,0
1.05059665655583,-0.479537394747125,-0.445407334767733,-0.800631940794324,0,0,0,0,1,0,1,0,0,1,0,0,0,0,0,0,0,0,1,0,0,0,0,0,0,0,0,0,0,0,0,1,0,0,0,0,0
1.74953550737001,-0.479537394747125,-0.445407334767733,-0.31321484754978,0,1,0,1,0,0,1,0,0,1,0,0,0,0,0,0,0,0,1,0,0,0,0,0,0,0,0,0,0,0,0,1,0,0,0,0,0
0.89527691193046,-0.479537394747125,5.32986435711151,0.753651139679189,0,1,0,0,1,1,0,0,0,1,0,0,0,0,0,0,0,0,1,0,0,0,0,0,0,0,0,0,0,0,0,0,1,0,0,0,0
-0.424940917385211,-0.479537394747125,-0.445407334767733,-0.865974155480267,0,1,0,0,1,0,1,0,0,1,0,0,0,0,0,0,0,0,1,0,0,0,0,0,0,0,0,0,0,0,0,1,0,0,0,0,0
-0.89090015126133,-0.479537394747125,1.86470134198396,-0.349499730001547,0,1,0,1,0,1,0,0,0,1,0,0,0,0,0,0,0,0,1,0,0,0,0,0,0,0,0,0,1,0,0,0,0,0,0,0,0
-1.27919951282476,-0.479537394747125,-0.445407334767733,-0.898941716560972,0,1,0,0,1,1,0,1,0,0,0,0,0,0,0,0,0,0,1,0,0,0,0,0,0,0,0,0,1,0,0,0,0,0,0,0,0
-0.89090015126133,-0.479537394747125,0.709647003608115,0.207829682975331,0,1,0,1,0,1,0,0,0,1,0,0,0,0,0,0,0,0,1,0,0,0,0,0,0,0,0,0,1,0,0,0,0,0,0,0,0
0.273997933428968,0.480271755229126,0.709647003608115,0.0952889646161286,0,1,0,0,1,0,1,0,0,1,0,0,0,0,0,0,0,0,1,0,0,0,0,0,0,0,0,0,0,0,0,1,0,0,0,0,0
0.0410183164909081,-0.479537394747125,-0.445407334767733,0.505296698708407,0,1,1,0,0,1,0,1,0,0,0,0,0,0,0,0,0,0,1,0,0,0,0,0,0,0,0,0,1,0,0,0,0,0,0,0,0
-0.580260662010584,-0.479537394747125,-0.445407334767733,-0.551400262785344,0,1,0,0,1,1,0,0,0,1,0,0,0,0,0,0,0,0,1,0,0,0,0,0,0,0,0,0,1,0,0,0,0,0,0,0,0
1.12825652886852,-0.479537394747125,-0.445407334767733,-0.800631940794324,0,1,0,0,1,0,1,0,0,1,0,0,0,0,0,0,0,0,1,0,0,0,0,0,0,0,0,0,0,0,0,1,0,0,0,0,0
-0.114301428134465,-0.479537394747125,-0.445407334767733,0.987239559599554,1,1,1,0,0,0,1,0,0,1,1,0,0,0,0,0,0,0,0,0,0,0,0,0,0,0,0,0,0,0,0,1,0,0,0,0,0
-0.424940917385211,-0.479537394747125,-0.445407334767733,-0.349499730001547,1,1,0,1,0,1,0,0,0,1,0,0,0,0,0,1,0,0,0,0,0,0,0,0,0,0,0,0,1,0,0,0,0,0,0,0,0
-1.90047849132626,-0.479537394747125,-0.445407334767733,-0.389020962654057,0,1,0,0,1,1,0,0,0,1,0,0,0,0,0,0,0,0,1,0,0,0,0,0,0,0,0,0,1,0,0,0,0,0,0,0,0
-0.813240278948644,-0.479537394747125,-0.445407334767733,-0.800631940794324,0,0,0,0,1,0,1,0,0,1,0,0,0,0,0,0,0,0,1,0,0,0,0,0,0,0,0,0,0,0,0,1,0,0,0,0,0
-0.580260662010584,-0.479537394747125,-0.445407334767733,-0.800631940794324,0,1,0,0,1,0,1,0,0,1,0,0,0,0,0,0,0,0,1,0,0,0,0,0,0,0,0,0,0,0,0,1,0,0,0,0,0
0.972936784243147,-0.479537394747125,-0.445407334767733,0.340570995468229,1,0,1,0,0,0,1,0,0,1,0,0,0,0,1,0,0,0,0,0,0,0,0,0,0,0,0,0,0,0,0,1,0,0,0,0,0
-0.191961300447152,-0.479537394747125,-0.445407334767733,1.42297819745508,1,0,1,0,0,0,1,1,0,0,0,0,0,1,0,0,0,0,0,0,0,0,0,0,0,0,0,0,0,0,0,1,0,0,0,0,0
0.584637422679714,1.44008090520538,-0.445407334767733,-0.81501343889775,0,1,0,0,1,0,1,0,0,1,0,0,0,0,0,0,0,0,1,0,0,0,0,0,0,0,0,0,0,0,0,1,0,0,0,0,0
-0.813240278948644,-0.479537394747125,-0.445407334767733,-0.818401974534245,0,1,0,0,1,0,1,0,0,1,0,0,0,0,0,0,0,0,1,0,0,0,0,0,0,0,0,0,0,0,0,1,0,0,0,0,0
0.972936784243147,-0.479537394747125,-0.445407334767733,-0.349499730001547,0,1,0,1,0,0,1,0,0,1,0,0,0,0,0,0,0,0,1,0,0,0,0,0,0,0,0,0,0,0,0,1,0,0,0,0,0
-1.82281861901357,3.35969920515788,1.86470134198396,0.514144783421773,0,1,0,0,1,1,0,0,0,1,0,0,0,0,0,0,0,0,1,0,0,0,0,0,0,0,0,0,1,0,0,0,0,0,0,0,0
-0.424940917385211,-0.479537394747125,-0.445407334767733,-0.909995110450186,0,0,0,0,1,0,1,0,0,1,0,0,0,0,0,0,0,0,1,0,0,0,0,0,0,0,0,0,0,0,0,1,0,0,0,0,0
2.44847435818419,-0.479537394747125,-0.445407334767733,-1.03172239412769,0,1,0,0,1,0,1,0,0,1,0,0,0,0,0,0,0,0,1,0,0,0,0,0,0,0,0,0,0,0,0,1,0,0,0,0,0
-0.114301428134465,2.39989005518163,0.709647003608115,0.308990807192531,0,1,0,0,1,1,0,0,0,1,0,0,0,0,0,0,0,0,1,0,0,0,0,0,0,0,0,0,1,0,0,0,0,0,0,0,0
-0.114301428134465,0.480271755229126,-0.445407334767733,-0.835489613847638,0,1,0,0,1,0,1,0,1,0,0,0,0,0,0,0,0,0,1,0,0,0,0,0,0,0,0,0,0,0,0,1,0,0,0,0,0
0.584637422679714,0.480271755229126,0.709647003608115,1.0377703217015,1,1,1,0,0,0,1,0,0,1,0,0,0,1,0,0,0,0,0,0,0,0,0,0,0,0,0,0,0,0,0,1,0,0,0,0,0
-1.20153964051208,0.480271755229126,1.86470134198396,1.88059054994783,2,1,1,0,0,1,0,0,0,1,0,1,0,0,0,0,0,0,0,0,0,0,0,0,0,0,0,0,1,0,0,0,0,0,0,0,0
-0.813240278948644,0.480271755229126,-0.445407334767733,1.04825517330168,1,1,1,0,0,0,1,0,0,1,0,0,0,1,0,0,0,0,0,0,0,0,0,0,0,0,0,0,0,0,0,1,0,0,0,0,0
-1.82281861901357,-0.479537394747125,0.709647003608115,-0.389020962654057,1,1,0,0,1,0,1,0,0,1,0,0,0,0,1,0,0,0,0,0,0,0,0,0,0,0,0,1,0,0,0,0,0,0,0,0,0
1.98251512430807,-0.479537394747125,-0.445407334767733,0.489012692165744,1,1,1,0,0,0,1,0,0,1,0,0,1,0,0,0,0,0,0,0,0,0,0,0,0,0,0,0,0,0,0,1,0,0,0,0,0
0.429317678054341,-0.479537394747125,-0.445407334767733,0.350470443748243,0,1,1,0,0,0,1,1,0,0,0,0,0,0,0,0,0,0,1,0,0,0,0,0,0,0,0,0,0,0,0,1,0,0,0,0,0
-0.657920534323271,-0.479537394747125,-0.445407334767733,-0.81501343889775,0,0,0,0,1,0,1,0,0,1,0,0,0,0,0,0,0,0,1,0,0,0,0,0,0,0,0,0,0,0,0,1,0,0,0,0,0
-0.269621172759838,0.480271755229126,-0.445407334767733,-0.823248737512253,0,1,0,0,1,0,1,0,0,1,0,0,0,0,0,0,0,0,1,0,0,0,0,0,0,0,0,0,0,0,0,1,0,0,0,0,0
-0.968560023574017,3.35969920515788,1.86470134198396,-0.81501343889775,0,1,0,0,1,1,0,0,0,1,0,0,0,0,0,0,0,0,1,0,0,0,0,0,0,0,0,0,1,0,0,0,0,0,0,0,0
-0.114301428134465,-0.479537394747125,-0.445407334767733,-0.20498405838852,0,0,0,0,1,0,1,0,0,1,0,0,0,0,0,0,0,0,1,0,0,0,0,0,0,0,0,0,0,0,0,1,0,0,0,0,0
-0.424940917385211,-0.479537394747125,0.709647003608115,2.62480696152169,2,0,1,0,0,0,1,1,0,0,0,1,0,0,0,0,0,0,0,0,0,0,0,0,0,0,0,0,0,0,0,1,0,0,0,0,0
0.506977550367027,-0.479537394747125,-0.445407334767733,0.344353397655755,1,0,1,0,0,0,1,0,0,1,0,0,0,0,1,0,0,0,0,0,0,0,0,0,0,0,0,0,0,0,0,1,0,0,0,0,0
-2.211117980577,4.31950835513413,1.86470134198396,0.922396468874865,0,0,0,0,1,0,1,0,0,1,0,0,0,0,0,0,0,0,1,0,0,0,0,0,0,0,0,1,0,0,0,0,0,0,0,0,0
-0.0366415558217784,-0.479537394747125,-0.445407334767733,-0.818401974534245,0,1,0,0,1,0,1,1,0,0,0,0,0,0,0,0,0,0,1,0,0,0,0,0,0,0,0,0,0,0,0,1,0,0,0,0,0
-0.114301428134465,-0.479537394747125,-0.445407334767733,-0.896331458446758,0,1,0,0,1,0,1,0,0,1,0,0,0,0,0,0,0,0,1,0,0,0,0,0,0,0,0,0,0,0,0,1,0,0,0,0,0
-0.114301428134465,-0.479537394747125,-0.445407334767733,-0.835489613847638,0,1,0,0,1,0,1,0,1,0,0,0,0,0,0,0,0,0,1,0,0,0,0,0,0,0,0,0,0,0,0,1,0,0,0,0,0
0.429317678054341,0.480271755229126,-0.445407334767733,1.04825517330168,1,1,1,0,0,1,0,0,0,1,0,0,1,0,0,0,0,0,0,0,0,0,0,0,0,0,0,0,0,0,0,0,1,0,0,0,0
-0.657920534323271,-0.479537394747125,-0.445407334767733,-0.837464987272975,0,0,0,0,1,0,1,0,1,0,0,0,0,0,0,0,0,0,1,0,0,0,0,0,0,0,0,0,0,0,0,1,0,0,0,0,0
-0.813240278948644,0.480271755229126,0.709647003608115,0.676166912765876,0,0,0,1,0,0,1,0,0,1,0,0,0,0,0,0,0,0,1,0,0,0,0,0,0,0,0,0,0,0,0,1,0,0,0,0,0
-2.13345810826431,2.39989005518163,1.86470134198396,0.399936655352781,0,1,0,0,1,1,0,0,0,1,0,0,0,0,0,0,0,0,1,0,0,0,0,0,0,0,0,0,1,0,0,0,0,0,0,0,0
-0.89090015126133,-0.479537394747125,0.709647003608115,-0.661844887961438,0,1,0,0,1,1,0,0,0,1,0,0,0,0,0,0,0,0,1,0,0,0,0,0,0,0,0,0,0,0,0,0,1,0,0,0,0
-0.114301428134465,-0.479537394747125,-0.445407334767733,-0.835489613847638,0,1,0,0,1,1,0,0,1,0,0,0,0,0,0,0,0,0,1,0,0,0,0,0,0,0,0,0,1,0,0,0,0,0,0,0,0
-0.191961300447152,-0.479537394747125,-0.445407334767733,0.489012692165744,0,1,1,0,0,0,1,0,0,1,0,0,0,0,0,0,0,0,1,0,0,0,0,0,0,0,0,0,0,0,0,1,0,0,0,0,0
-1.20153964051208,0.480271755229126,-0.445407334767733,0.474826990221092,0,1,0,1,0,1,0,1,0,0,0,0,0,0,0,0,0,0,1,0,0,0,0,0,0,0,0,0,0,0,0,0,1,0,0,0,0
-0.657920534323271,-0.479537394747125,-0.445407334767733,1.37910309472741,0,0,0,1,0,0,1,0,0,1,0,0,0,0,0,0,0,0,1,0,0,0,0,0,0,0,0,0,0,0,0,1,0,0,0,0,0
-0.0366415558217784,0.480271755229126,-0.445407334767733,0.393505098169823,0,0,0,1,0,0,1,1,0,0,0,0,0,0,0,0,0,0,1,0,0,0,0,0,0,0,0,0,0,0,0,1,0,0,0,0,0
1.20591640118121,-0.479537394747125,-0.445407334767733,-0.931386105125778,0,1,0,0,1,0,1,0,0,1,0,0,0,0,0,0,0,0,1,0,0,0,0,0,0,0,0,0,0,0,0,1,0,0,0,0,0
-0.502600789697898,-0.479537394747125,-0.445407334767733,-0.552900740341379,0,1,0,1,0,0,1,0,0,1,0,0,0,0,0,0,0,0,1,0,0,0,0,1,0,0,0,0,0,0,0,0,0,0,0,0,0
-0.114301428134465,0.480271755229126,-0.445407334767733,-0.157904012539343,0,0,0,0,1,0,1,0,0,1,0,0,0,0,0,0,0,0,1,0,0,0,0,0,0,0,0,0,0,0,0,1,0,0,0,0,0
0.429317678054341,0.480271755229126,-0.445407334767733,1.02701419576884,0,1,1,0,0,1,0,0,0,1,0,0,0,0,0,0,0,0,1,0,0,0,0,0,0,0,0,0,0,0,0,0,1,0,0,0,0
0.6622972949924,-0.479537394747125,-0.445407334767733,-0.349499730001547,0,1,0,1,0,1,0,0,0,1,0,0,0,0,0,0,0,0,1,0,0,0,0,0,0,0,0,0,1,0,0,0,0,0,0,0,0
-0.114301428134465,-0.479537394747125,-0.445407334767733,-0.896331458446758,0,0,0,0,1,0,1,0,0,1,0,0,0,0,0,0,0,0,1,0,0,0,0,0,0,0,0,0,0,0,0,1,0,0,0,0,0
1.20591640118121,-0.479537394747125,-0.445407334767733,-0.800631940794324,0,1,0,0,1,0,1,0,0,1,0,0,0,0,0,0,0,0,1,0,0,0,0,0,0,0,0,0,0,0,0,1,0,0,0,0,0
0.739957167305087,-0.479537394747125,-0.445407334767733,-0.349499730001547,0,1,0,1,0,0,1,0,0,1,0,0,0,0,0,0,0,0,1,0,0,0,0,0,0,0,0,0,0,0,0,1,0,0,0,0,0
-0.502600789697898,-0.479537394747125,-0.445407334767733,-0.349499730001547,0,1,0,1,0,0,1,0,0,1,0,0,0,0,0,0,0,0,1,0,0,0,0,0,0,0,0,0,0,0,0,1,0,0,0,0,0
-0.114301428134465,-0.479537394747125,-0.445407334767733,-0.835489613847638,0,1,0,0,1,0,1,0,1,0,0,0,0,0,0,0,0,0,1,0,0,0,0,0,0,0,0,0,0,0,0,1,0,0,0,0,0
-0.269621172759838,-0.479537394747125,-0.445407334767733,1.11120352559477,0,1,0,0,1,0,1,0,0,1,0,0,0,0,0,0,0,0,1,0,0,0,0,0,0,0,0,0,0,0,0,1,0,0,0,0,0
-0.813240278948644,-0.479537394747125,-0.445407334767733,-0.800631940794324,0,1,0,0,1,0,1,0,0,1,0,0,0,0,0,0,0,0,1,0,0,0,0,0,0,0,0,0,0,0,0,1,0,0,0,0,0
-0.735580406635957,0.480271755229126,-0.445407334767733,-0.615446908789379,0,1,0,0,1,1,0,0,0,1,0,0,0,0,0,0,0,0,1,0,0,0,0,0,0,0,0,0,1,0,0,0,0,0,0,0,0
1.43889601811927,0.480271755229126,-0.445407334767733,0.751425061219799,1,1,1,0,0,1,0,1,0,0,1,0,0,0,0,0,0,0,0,0,0,0,0,0,0,1,0,0,0,0,0,0,0,0,0,0,0
0.506977550367027,-0.479537394747125,-0.445407334767733,-0.358773451760186,1,0,0,1,0,0,1,1,0,0,0,0,0,1,0,0,0,0,0,0,0,0,0,0,0,0,0,0,0,0,0,1,0,0,0,0,0
0.196338061116281,-0.479537394747125,-0.445407334767733,0.489012692165744,1,1,1,0,0,0,1,1,0,0,0,1,0,0,0,0,0,0,0,0,0,0,0,1,0,0,0,0,0,0,0,0,0,0,0,0,0
-1.97813836363894,1.44008090520538,0.709647003608115,0.736030041679037,1,1,0,1,0,1,0,0,0,1,0,0,0,0,0,1,0,0,0,0,0,0,0,0,0,0,0,0,1,0,0,0,0,0,0,0,0
-0.191961300447152,0.480271755229126,-0.445407334767733,0.117858784103039,0,1,0,1,0,1,0,0,0,1,0,0,0,0,0,0,0,0,1,0,0,0,0,0,0,0,0,0,0,0,0,0,1,0,0,0,0
0.429317678054341,-0.479537394747125,-0.445407334767733,0.117858784103039,0,0,0,1,0,1,0,0,0,1,0,0,0,0,0,0,0,0,1,0,0,0,0,0,0,0,0,0,1,0,0,0,0,0,0,0,0
-1.35685938513745,0.480271755229126,-0.445407334767733,-0.488273765940779,0,1,0,0,1,0,1,1,0,0,0,0,0,0,0,0,0,0,1,0,0,0,0,0,0,0,0,1,0,0,0,0,0,0,0,0,0
0.196338061116281,0.480271755229126,-0.445407334767733,-0.157904012539343,0,1,0,0,1,0,1,0,0,1,0,0,0,0,0,0,0,0,1,0,0,0,0,0,0,0,0,0,0,0,0,1,0,0,0,0,0
-0.580260662010584,-0.479537394747125,-0.445407334767733,-0.899469588457921,0,1,0,0,1,0,1,1,0,0,0,0,0,0,0,0,0,0,1,0,0,0,0,0,0,0,0,0,0,0,0,1,0,0,0,0,0
-1.0462198958867,-0.479537394747125,-0.445407334767733,-0.837464987272975,0,1,0,0,1,1,0,0,1,0,0,0,0,0,0,0,0,0,1,0,0,0,0,0,0,0,0,0,1,0,0,0,0,0,0,0,0
1.59421576274464,0.480271755229126,-0.445407334767733,1.75754546274425,1,0,1,0,0,0,1,1,0,0,0,0,1,0,0,0,0,0,0,0,0,0,0,0,0,0,0,0,0,0,0,1,0,0,0,0,0
1.74953550737001,-0.479537394747125,-0.445407334767733,-0.349499730001547,0,1,0,1,0,0,1,0,0,1,0,0,0,0,0,0,0,0,1,0,0,0,0,0,0,0,0,0,0,0,0,1,0,0,0,0,0
-0.114301428134465,-0.479537394747125,-0.445407334767733,-0.800631940794324,0,0,0,0,1,0,1,0,0,1,0,0,0,0,0,0,0,0,1,0,0,0,0,0,0,0,0,0,0,0,0,1,0,0,0,0,0
-0.502600789697898,-0.479537394747125,-0.445407334767733,-0.81501343889775,0,0,0,0,1,1,0,0,0,1,0,0,0,0,0,0,0,0,1,0,0,0,0,0,0,0,0,0,1,0,0,0,0,0,0,0,0
2.75911384743494,-0.479537394747125,-0.445407334767733,-0.835489613847638,0,1,0,0,1,0,1,0,1,0,0,0,0,0,0,0,0,0,1,0,0,0,0,0,0,0,0,0,0,0,0,1,0,0,0,0,0
1.20591640118121,-0.479537394747125,-0.445407334767733,-0.835489613847638,0,1,0,0,1,1,0,0,0,1,0,0,0,0,0,0,0,0,1,0,0,0,0,0,0,0,0,0,1,0,0,0,0,0,0,0,0
0.429317678054341,-0.479537394747125,-0.445407334767733,-0.921707285205241,0,0,0,0,1,0,1,0,0,1,0,0,0,0,0,0,0,0,1,0,0,0,0,0,0,0,0,0,0,0,0,1,0,0,0,0,0
0.739957167305087,0.480271755229126,0.709647003608115,1.46112067773211,1,1,1,0,0,1,0,0,0,1,0,0,0,0,1,0,0,0,0,0,0,0,0,0,0,0,0,0,0,0,0,0,1,0,0,0,0
-0.580260662010584,-0.479537394747125,-0.445407334767733,-0.614253587197016,0,1,0,0,1,1,0,0,0,1,0,0,0,0,0,0,0,0,1,0,0,0,0,0,0,0,0,0,1,0,0,0,0,0,0,0,0
-0.269621172759838,-0.479537394747125,-0.445407334767733,-0.818401974534245,0,1,0,0,1,0,1,0,0,1,0,0,0,0,0,0,0,0,1,0,0,0,0,0,0,0,0,0,0,0,0,1,0,0,0,0,0
1.74953550737001,0.480271755229126,-0.445407334767733,1.44323154017534,1,1,1,0,0,1,0,1,0,0,0,0,0,1,0,0,0,0,0,0,0,0,0,0,0,0,0,0,0,0,0,0,1,0,0,0,0
-0.114301428134465,-0.479537394747125,-0.445407334767733,-0.820333296226219,0,1,0,0,1,1,0,0,1,0,0,0,0,0,0,0,0,0,1,0,0,0,0,0,0,0,0,0,1,0,0,0,0,0,0,0,0
0.506977550367027,-0.479537394747125,-0.445407334767733,-0.349499730001547,0,1,0,1,0,1,0,0,0,1,0,0,0,0,0,0,0,0,1,0,0,0,0,0,0,0,0,0,1,0,0,0,0,0,0,0,0
-0.502600789697898,2.39989005518163,1.86470134198396,2.68728467563685,3,1,1,0,0,1,0,0,0,1,0,0,1,0,0,0,0,0,0,0,0,0,0,0,0,0,0,0,1,0,0,0,0,0,0,0,0
0.506977550367027,0.480271755229126,1.86470134198396,0.394555829445972,0,0,0,1,0,0,1,0,0,1,0,0,0,0,0,0,0,0,1,0,0,0,0,0,0,0,0,0,0,0,0,1,0,0,0,0,0
-0.424940917385211,-0.479537394747125,-0.445407334767733,1.31910208208763,1,0,1,0,0,1,0,1,0,0,0,1,0,0,0,0,0,0,0,0,0,0,0,0,0,0,0,0,0,1,0,0,0,0,0,0,0
0.817617039617773,-0.479537394747125,-0.445407334767733,-0.899469588457921,0,1,0,0,1,0,1,1,0,0,0,0,0,0,0,0,0,0,1,0,0,0,0,0,0,0,0,0,0,0,0,1,0,0,0,0,0
0.6622972949924,-0.479537394747125,-0.445407334767733,-0.818401974534245,0,1,0,0,1,0,1,0,0,1,0,0,0,0,0,0,0,0,1,0,0,0,0,0,0,0,0,0,0,0,0,1,0,0,0,0,0
-0.114301428134465,0.480271755229126,-0.445407334767733,1.49294503502544,0,0,1,0,0,1,0,1,0,0,0,0,0,0,0,0,0,0,1,0,0,0,0,0,0,0,0,0,0,0,0,0,1,0,0,0,0
-0.89090015126133,-0.479537394747125,-0.445407334767733,-0.832539503301492,0,1,0,0,1,0,1,0,0,1,0,0,0,0,0,0,0,0,1,0,0,0,0,0,0,0,0,0,0,0,0,1,0,0,0,0,0
-1.20153964051208,4.31950835513413,1.86470134198396,0.922396468874865,0,0,0,0,1,0,1,0,0,1,0,0,0,0,0,0,0,0,1,0,0,0,0,0,0,0,0,0,0,0,0,1,0,0,0,0,0
0.196338061116281,0.480271755229126,-0.445407334767733,0.329618878325901,0,1,0,1,0,0,1,0,0,1,0,0,0,0,0,0,0,0,1,0,0,0,0,0,0,0,0,0,0,0,0,1,0,0,0,0,0
-0.114301428134465,-0.479537394747125,-0.445407334767733,-0.375678673728574,0,1,0,1,0,1,0,0,0,1,0,0,0,0,0,0,0,0,1,0,0,0,0,0,0,0,0,0,0,0,0,0,1,0,0,0,0
-1.90047849132626,3.35969920515788,1.86470134198396,0.517742744680148,0,1,0,0,1,1,0,0,0,1,0,0,0,0,0,0,0,0,1,0,0,0,0,0,0,0,0,0,1,0,0,0,0,0,0,0,0
0.506977550367027,-0.479537394747125,-0.445407334767733,-3.0783194353752,0,0,0,0,1,0,1,0,0,1,0,0,0,0,0,0,0,0,1,0,0,0,0,0,0,0,0,0,0,0,0,1,0,0,0,0,0
0.817617039617773,-0.479537394747125,-0.445407334767733,-0.349499730001547,0,1,0,1,0,1,0,0,0,1,0,0,0,0,0,0,0,0,1,0,0,0,0,0,0,0,0,0,1,0,0,0,0,0,0,0,0
-0.424940917385211,-0.479537394747125,-0.445407334767733,-0.646966745734622,0,1,0,0,1,0,1,0,0,1,0,0,0,0,0,0,0,0,1,0,0,0,0,0,0,0,0,0,0,0,0,1,0,0,0,0,0
-0.114301428134465,-0.479537394747125,0.709647003608115,0.567983348515909,0,1,0,1,0,0,1,0,0,1,0,0,0,0,0,0,0,0,1,0,0,0,0,0,0,0,0,0,0,0,0,0,0,0,1,0,0
-0.114301428134465,1.44008090520538,-0.445407334767733,0.218544939952834,0,1,0,0,1,0,1,0,1,0,0,0,0,0,0,0,0,0,1,0,0,0,0,0,0,0,0,0,0,0,0,1,0,0,0,0,0
-0.657920534323271,-0.479537394747125,0.709647003608115,1.43037858404438,1,1,1,0,0,0,1,0,0,1,0,0,0,1,0,0,0,0,0,0,0,0,0,0,0,0,0,0,0,0,0,1,0,0,0,0,0
-0.114301428134465,-0.479537394747125,0.709647003608115,1.0839467236319,1,1,1,0,0,1,0,0,0,1,0,0,0,0,1,0,0,0,0,0,0,0,0,0,0,0,0,0,0,0,0,0,1,0,0,0,0
0.972936784243147,0.480271755229126,-0.445407334767733,0.367223496815174,0,1,0,1,0,0,1,0,0,1,0,0,0,0,0,0,0,0,1,0,0,0,0,0,0,0,0,0,0,0,0,1,0,0,0,0,0
-0.424940917385211,-0.479537394747125,-0.445407334767733,0.977138150102708,1,0,1,0,0,1,0,1,0,0,0,0,1,0,0,0,0,0,0,0,0,0,0,0,0,0,0,0,0,1,0,0,0,0,0,0,0
-0.657920534323271,-0.479537394747125,-0.445407334767733,-0.81501343889775,0,0,0,0,1,0,1,0,0,1,0,0,0,0,0,0,0,0,1,0,0,0,0,0,0,0,0,0,0,0,0,1,0,0,0,0,0
0.506977550367027,-0.479537394747125,-0.445407334767733,-0.349499730001547,1,1,0,1,0,1,0,0,0,1,0,0,0,1,0,0,0,0,0,0,0,0,0,0,0,0,0,0,0,0,0,0,1,0,0,0,0
-0.968560023574017,-0.479537394747125,1.86470134198396,1.79959198408594,1,1,1,0,0,0,1,1,0,0,0,0,1,0,0,0,0,0,0,0,0,0,0,0,0,0,0,0,0,0,0,1,0,0,0,0,0
-0.114301428134465,-0.479537394747125,-0.445407334767733,-0.800631940794324,0,0,0,0,1,0,1,0,0,1,0,0,0,0,0,0,0,0,1,0,0,0,0,0,0,0,0,0,0,0,0,1,0,0,0,0,0
0.273997933428968,-0.479537394747125,-0.445407334767733,-1.22561677065811,3,1,1,0,0,0,1,0,0,1,0,1,0,0,0,0,0,0,0,0,0,0,0,0,0,0,0,0,0,0,0,1,0,0,0,0,0
-0.502600789697898,-0.479537394747125,0.709647003608115,1.22779263887994,2,0,1,0,0,0,1,1,0,0,0,0,0,1,0,0,0,0,0,0,0,0,0,0,0,0,0,0,0,0,0,1,0,0,0,0,0
-0.424940917385211,-0.479537394747125,-0.445407334767733,1.45533507519294,1,0,1,0,0,0,1,1,0,0,0,1,0,0,0,0,0,0,0,0,0,0,0,0,0,0,0,0,0,0,0,1,0,0,0,0,0
0.351657805741654,-0.479537394747125,-0.445407334767733,-0.349499730001547,0,1,0,1,0,1,0,0,0,1,0,0,0,0,0,0,0,0,1,0,0,0,0,0,0,0,0,0,1,0,0,0,0,0,0,0,0
-0.424940917385211,-0.479537394747125,-0.445407334767733,-0.921707285205241,0,0,0,0,1,0,1,0,0,1,0,0,0,0,0,0,0,0,1,0,0,0,0,0,0,0,0,0,0,0,0,1,0,0,0,0,0
0.972936784243147,-0.479537394747125,-0.445407334767733,-0.349499730001547,0,1,0,1,0,0,1,0,0,1,0,0,0,0,0,0,0,0,1,0,0,0,0,0,0,0,0,0,0,0,0,0,0,0,1,0,0
0.351657805741654,-0.479537394747125,-0.445407334767733,-0.800631940794324,0,1,0,0,1,0,1,0,0,1,0,0,0,0,0,0,0,0,1,0,0,0,0,0,0,0,0,0,0,0,0,1,0,0,0,0,0
-0.657920534323271,-0.479537394747125,-0.445407334767733,-0.757739813337284,0,1,0,0,1,0,1,0,0,1,0,0,0,0,0,0,0,0,1,0,0,0,0,0,0,0,0,0,0,0,0,1,0,0,0,0,0
2.13783486893344,-0.479537394747125,-0.445407334767733,-0.552900740341379,1,0,0,1,0,1,0,0,0,1,0,0,0,0,1,0,0,0,0,0,0,0,0,0,0,0,0,0,0,0,0,0,1,0,0,0,0
0.0410183164909081,-0.479537394747125,-0.445407334767733,-0.899469588457921,0,1,0,0,1,0,1,1,0,0,0,0,0,0,0,0,0,0,1,0,0,0,0,0,0,0,0,0,0,0,0,1,0,0,0,0,0
-0.114301428134465,-0.479537394747125,-0.445407334767733,-0.835489613847638,0,1,0,0,1,0,1,0,1,0,0,0,0,0,0,0,0,0,1,0,0,0,0,0,0,0,0,0,0,0,0,1,0,0,0,0,0
-0.657920534323271,0.480271755229126,-0.445407334767733,-0.615446908789379,0,1,0,0,1,1,0,0,0,1,0,0,0,0,0,0,0,0,1,0,0,0,0,0,0,0,0,0,1,0,0,0,0,0,0,0,0
-1.0462198958867,-0.479537394747125,-0.445407334767733,-0.800631940794324,0,0,0,0,1,0,1,0,0,1,0,0,0,0,0,0,0,0,1,0,0,0,0,0,0,0,0,0,0,0,0,1,0,0,0,0,0
0.972936784243147,0.480271755229126,-0.445407334767733,0.329618878325901,0,0,0,1,0,1,0,0,0,1,0,0,0,0,0,0,0,0,1,0,0,0,0,0,0,0,0,0,0,0,0,0,1,0,0,0,0
-1.51217912976282,2.39989005518163,1.86470134198396,0.399936655352781,0,1,0,0,1,0,1,0,0,1,0,0,0,0,0,0,0,0,1,0,0,0,0,0,0,0,0,1,0,0,0,0,0,0,0,0,0
2.02134506046441,-0.479537394747125,-0.445407334767733,-0.800631940794324,0,0,0,0,1,0,1,0,0,1,0,0,0,0,0,0,0,0,1,0,0,0,0,0,0,0,0,0,0,0,0,1,0,0,0,0,0
0.972936784243147,-0.479537394747125,-0.445407334767733,-0.349499730001547,0,1,0,1,0,1,0,0,0,1,0,0,0,0,0,0,0,0,1,0,0,0,0,0,0,0,0,0,0,0,0,0,1,0,0,0,0
0.118678188803595,0.480271755229126,-0.445407334767733,1.82146287009236,1,1,1,0,0,1,0,1,0,0,0,0,0,1,0,0,0,0,0,0,0,0,0,0,0,0,0,0,1,0,0,0,0,0,0,0,0
-0.114301428134465,-0.479537394747125,-0.445407334767733,-0.832539503301492,0,1,0,0,1,0,1,0,0,1,0,0,0,0,0,0,0,0,1,0,0,0,0,0,0,0,0,0,0,0,0,1,0,0,0,0,0
-0.580260662010584,-0.479537394747125,-0.445407334767733,-0.835489613847638,0,1,0,0,1,1,0,0,1,0,0,0,0,0,0,0,0,0,1,0,0,0,0,0,0,0,0,0,1,0,0,0,0,0,0,0,0
0.351657805741654,0.480271755229126,-0.445407334767733,0.329618878325901,0,1,0,1,0,0,1,0,0,1,0,0,0,0,0,0,0,0,1,0,0,0,0,0,0,0,0,0,0,0,0,1,0,0,0,0,0
-0.657920534323271,-0.479537394747125,-0.445407334767733,-0.552900740341379,0,0,0,1,0,1,0,0,0,1,0,0,0,0,0,0,0,0,1,0,0,0,0,0,0,0,0,0,1,0,0,0,0,0,0,0,0
0.118678188803595,0.480271755229126,0.709647003608115,0.683106385497362,0,0,0,1,0,0,1,1,0,0,0,0,0,0,0,0,0,0,1,0,0,0,0,0,0,0,0,0,0,0,0,1,0,0,0,0,0
-1.12387976819939,-0.479537394747125,0.709647003608115,2.4621054697459,1,1,1,0,0,1,0,0,0,1,0,1,0,0,0,0,0,0,0,0,0,0,0,0,0,0,0,0,1,0,0,0,0,0,0,0,0
-0.114301428134465,0.480271755229126,-0.445407334767733,-0.247314961032635,0,1,0,0,1,1,0,1,0,0,0,0,0,0,0,0,0,0,1,0,0,0,0,0,0,0,0,0,1,0,0,0,0,0,0,0,0
1.43889601811927,0.480271755229126,-0.445407334767733,1.42297819745508,1,0,1,0,0,0,1,1,0,0,0,0,0,1,0,0,0,0,0,0,0,0,0,0,0,0,0,0,0,0,0,1,0,0,0,0,0
-2.22432015887016,0.480271755229126,0.709647003608115,0.00630018996997661,0,1,0,1,0,0,1,0,0,1,0,0,0,0,0,0,0,0,1,0,0,0,0,0,0,0,0,1,0,0,0,0,0,0,0,0,0
-0.580260662010584,-0.479537394747125,1.86470134198396,0.977052156554092,1,1,1,0,0,1,0,1,0,0,0,1,0,0,0,0,0,0,0,0,0,0,0,0,0,0,0,0,1,0,0,0,0,0,0,0,0
-1.0462198958867,4.31950835513413,1.86470134198396,0.922396468874865,0,0,0,0,1,1,0,0,0,1,0,0,0,0,0,0,0,0,1,0,0,0,0,0,0,0,0,0,1,0,0,0,0,0,0,0,0
-0.424940917385211,-0.479537394747125,-0.445407334767733,-0.552900740341379,0,0,0,1,0,0,1,0,0,1,0,0,0,0,0,0,0,0,1,0,0,0,0,0,0,0,0,0,0,0,0,1,0,0,0,0,0
0.0410183164909081,-0.479537394747125,-0.445407334767733,-0.349499730001547,0,1,0,1,0,0,1,0,0,1,0,0,0,0,0,0,0,0,1,0,0,0,0,0,0,0,0,0,0,0,0,1,0,0,0,0,0
-0.968560023574017,-0.479537394747125,-0.445407334767733,-0.426128339948357,0,0,0,1,0,1,0,1,0,0,0,0,0,0,0,0,0,0,1,0,0,0,0,0,0,0,0,0,1,0,0,0,0,0,0,0,0
-0.114301428134465,-0.479537394747125,-0.445407334767733,-0.818401974534245,0,1,0,0,1,0,1,0,0,1,0,0,0,0,0,0,0,0,1,0,0,0,0,0,0,0,0,0,0,0,0,1,0,0,0,0,0
-0.114301428134465,-0.479537394747125,-0.445407334767733,-0.83009140971636,0,1,0,0,1,0,1,0,0,1,0,0,0,0,0,0,0,0,1,0,0,0,0,0,0,0,0,0,0,0,0,1,0,0,0,0,0
-0.735580406635957,0.480271755229126,-0.445407334767733,-0.81501343889775,0,0,0,0,1,0,1,0,0,1,0,0,0,0,0,0,0,0,1,0,0,0,0,0,0,0,0,0,0,0,0,1,0,0,0,0,0
0.196338061116281,-0.479537394747125,-0.445407334767733,-0.800631940794324,1,0,0,0,1,0,1,0,0,1,0,0,0,0,1,0,0,0,0,0,0,0,0,0,0,0,0,0,0,0,0,1,0,0,0,0,0
-0.114301428134465,-0.479537394747125,-0.445407334767733,0.350470443748243,0,1,1,0,0,0,1,0,0,1,0,0,0,0,0,0,0,0,1,0,0,0,0,0,0,0,0,0,0,0,0,1,0,0,0,0,0
-0.114301428134465,-0.479537394747125,-0.445407334767733,-0.835489613847638,0,1,0,0,1,1,0,0,1,0,0,0,0,0,0,0,0,0,1,0,0,0,0,0,0,0,0,0,1,0,0,0,0,0,0,0,0
-0.114301428134465,0.480271755229126,-0.445407334767733,-0.247040673704891,0,1,0,0,1,1,0,1,0,0,0,0,0,0,0,0,0,0,1,0,0,0,0,0,0,0,0,0,0,0,0,0,1,0,0,0,0
-0.114301428134465,-0.479537394747125,-0.445407334767733,-0.820333296226219,0,1,0,0,1,1,0,0,1,0,0,0,0,0,0,0,0,0,1,0,0,0,0,0,0,0,0,0,1,0,0,0,0,0,0,0,0
-2.211117980577,1.44008090520538,0.709647003608115,0.736030041679037,1,1,0,1,0,0,1,0,0,1,0,0,0,0,0,1,0,0,0,0,0,0,0,0,0,0,0,1,0,0,0,0,0,0,0,0,0
-0.89090015126133,0.480271755229126,0.709647003608115,-0.823248737512253,0,1,0,0,1,0,1,0,0,1,0,0,0,0,0,0,0,0,1,0,0,0,0,0,0,0,0,0,0,0,0,1,0,0,0,0,0
-0.347281045072525,-0.479537394747125,-0.445407334767733,-0.349499730001547,0,1,0,1,0,0,1,0,0,1,0,0,0,0,0,0,0,0,1,0,0,0,0,0,0,0,0,0,0,0,0,1,0,0,0,0,0
-0.813240278948644,-0.479537394747125,-0.445407334767733,-0.244255096327945,0,1,0,0,1,0,1,0,0,1,0,0,0,0,0,0,0,0,1,0,0,0,0,0,0,0,0,0,0,0,0,1,0,0,0,0,0
-1.90047849132626,1.44008090520538,0.709647003608115,0.0325755934526128,0,1,0,0,1,1,0,1,0,0,0,0,0,0,0,0,0,0,1,0,0,0,0,0,0,0,0,0,1,0,0,0,0,0,0,0,0
-0.191961300447152,-0.479537394747125,-0.445407334767733,-0.931386105125778,0,1,0,0,1,0,1,0,0,1,0,0,0,0,0,0,0,0,1,0,0,0,0,0,0,0,0,0,0,0,0,1,0,0,0,0,0
1.90485525199538,0.480271755229126,3.01975568035981,0.207829682975331,0,1,0,1,0,1,0,0,0,1,0,0,0,0,0,0,0,0,1,0,0,0,0,0,0,0,0,0,0,0,0,0,1,0,0,0,0
0.351657805741654,0.480271755229126,-0.445407334767733,0.117858784103039,0,1,0,1,0,0,1,0,0,1,0,0,0,0,0,0,0,0,1,0,0,0,0,0,0,0,0,0,0,0,0,1,0,0,0,0,0
0.196338061116281,-0.479537394747125,-0.445407334767733,1.11120352559477,0,1,0,0,1,0,1,0,0,1,0,0,0,0,0,0,0,0,1,0,0,0,0,0,0,0,0,0,0,0,0,1,0,0,0,0,0
-0.114301428134465,-0.479537394747125,-0.445407334767733,0.751425061219799,0,1,1,0,0,0,1,1,0,0,0,0,0,0,0,0,0,0,1,0,0,0,0,1,0,0,0,0,0,0,0,0,0,0,0,0,0
-2.13345810826431,3.35969920515788,0.709647003608115,0.442862462680998,0,1,0,0,1,0,1,0,1,0,0,0,0,0,0,0,0,0,1,0,0,0,0,0,0,0,0,1,0,0,0,0,0,0,0,0,0
1.12825652886852,-0.479537394747125,-0.445407334767733,0.393505098169823,1,0,1,0,0,1,0,1,0,0,0,1,0,0,0,0,0,0,0,0,0,0,0,0,0,0,0,0,0,0,0,0,1,0,0,0,0
-0.114301428134465,-0.479537394747125,-0.445407334767733,-0.818401974534245,0,1,0,0,1,0,1,1,0,0,0,0,0,0,0,0,0,0,1,0,0,0,0,0,0,0,0,0,0,0,0,1,0,0,0,0,0
-0.114301428134465,-0.479537394747125,-0.445407334767733,-0.818401974534245,0,1,0,0,1,1,0,0,0,1,0,0,0,0,0,0,0,0,1,0,0,0,0,0,0,0,0,0,1,0,0,0,0,0,0,0,0
-0.114301428134465,-0.479537394747125,-0.445407334767733,0.505296698708407,0,1,1,0,0,0,1,0,0,1,0,0,0,0,0,0,0,0,1,0,0,0,0,0,0,0,0,0,0,0,0,1,0,0,0,0,0
1.51655589043195,0.480271755229126,0.709647003608115,1.79959198408594,1,1,1,0,0,0,1,1,0,0,0,0,1,0,0,0,0,0,0,0,0,0,0,0,0,0,0,0,0,0,0,1,0,0,0,0,0
0.0410183164909081,-0.479537394747125,-0.445407334767733,-0.818401974534245,0,1,0,0,1,0,1,0,0,1,0,0,0,0,0,0,0,0,1,0,0,0,0,0,0,0,0,0,0,0,0,1,0,0,0,0,0
-0.657920534323271,-0.479537394747125,-0.445407334767733,-0.732916849994079,0,1,0,0,1,0,1,0,0,1,0,0,0,0,0,0,0,0,1,0,0,0,0,0,0,0,0,0,0,0,0,1,0,0,0,0,0
-0.347281045072525,0.480271755229126,-0.445407334767733,-0.0446731597479676,0,1,0,0,1,0,1,0,0,1,0,0,0,0,0,0,0,0,1,0,0,0,0,0,0,0,0,0,0,0,0,1,0,0,0,0,0
-1.97813836363894,3.35969920515788,1.86470134198396,0.514144783421773,0,1,0,0,1,0,1,0,0,1,0,0,0,0,0,0,0,0,1,0,0,0,0,0,0,0,0,1,0,0,0,0,0,0,0,0,0
-2.23053294865517,1.44008090520538,0.709647003608115,0.0325755934526128,0,1,0,0,1,1,0,1,0,0,0,0,0,0,0,0,0,0,1,0,0,0,0,0,0,0,0,0,1,0,0,0,0,0,0,0,0
-0.114301428134465,-0.479537394747125,-0.445407334767733,-0.899469588457921,0,1,0,0,1,1,0,1,0,0,0,0,0,0,0,0,0,0,1,0,0,0,0,0,0,0,0,0,0,0,0,0,1,0,0,0,0
-0.0366415558217784,0.480271755229126,-0.445407334767733,-0.922246911056413,0,1,0,0,1,0,1,0,0,1,0,0,0,0,0,0,0,0,1,0,0,0,0,0,0,0,0,0,0,0,0,1,0,0,0,0,0
-0.191961300447152,-0.479537394747125,-0.445407334767733,-0.81501343889775,0,0,0,0,1,1,0,0,0,1,0,0,0,0,0,0,0,0,1,0,0,0,0,0,0,0,0,0,1,0,0,0,0,0,0,0,0
1.51655589043195,-0.479537394747125,-0.445407334767733,0.326903905151958,1,1,1,0,0,1,0,0,0,1,0,0,0,1,0,0,0,0,0,0,0,0,0,1,0,0,0,0,0,0,0,0,0,0,0,0,0
-0.269621172759838,0.480271755229126,0.709647003608115,0.329618878325901,0,1,0,1,0,1,0,0,0,1,0,0,0,0,0,0,0,0,1,0,0,0,0,0,0,0,0,0,0,0,0,0,1,0,0,0,0
-0.968560023574017,-0.479537394747125,-0.445407334767733,-0.732916849994079,0,1,0,0,1,0,1,0,0,1,0,0,0,0,0,0,0,0,1,0,0,0,0,0,0,0,0,0,0,0,0,1,0,0,0,0,0
0.273997933428968,-0.479537394747125,-0.445407334767733,-0.733805439535959,0,1,0,0,1,0,1,0,0,1,0,0,0,0,0,0,0,0,1,0,0,0,0,0,0,0,0,0,0,0,0,1,0,0,0,0,0
-1.12387976819939,0.480271755229126,0.709647003608115,-0.898941716560972,0,1,0,0,1,0,1,1,0,0,0,0,0,0,0,0,0,0,1,0,0,0,0,0,0,0,0,0,0,0,0,1,0,0,0,0,0
1.36123614580658,-0.479537394747125,-0.445407334767733,0.313699538704676,1,1,1,0,0,0,1,0,0,1,0,0,0,0,1,0,0,0,0,0,0,0,0,0,0,0,0,0,0,0,0,1,0,0,0,0,0
-0.269621172759838,-0.479537394747125,-0.445407334767733,-0.832539503301492,0,1,0,0,1,0,1,0,0,1,0,0,0,0,0,0,0,0,1,0,0,0,0,0,0,0,0,0,0,0,0,1,0,0,0,0,0
-0.114301428134465,-0.479537394747125,-0.445407334767733,-0.800631940794324,0,0,0,0,1,0,1,0,0,1,0,0,0,0,0,0,0,0,1,0,0,0,0,0,0,0,0,0,0,0,0,1,0,0,0,0,0
-0.502600789697898,-0.479537394747125,-0.445407334767733,-0.818401974534245,0,1,0,0,1,0,1,0,0,1,0,0,0,0,0,0,0,0,1,0,0,0,0,0,0,0,0,0,0,0,0,1,0,0,0,0,0
1.59421576274464,-0.479537394747125,0.709647003608115,2.62480696152169,2,0,1,0,0,1,0,1,0,0,0,1,0,0,0,0,0,0,0,0,0,0,0,0,0,0,0,0,0,0,0,0,1,0,0,0,0
-0.114301428134465,0.480271755229126,-0.445407334767733,-0.179608231630037,0,1,0,0,1,1,0,0,1,0,0,0,0,0,0,0,0,0,1,0,0,0,0,0,0,0,0,0,1,0,0,0,0,0,0,0,0
-2.13345810826431,-0.479537394747125,0.709647003608115,-0.403509939259035,0,1,0,0,1,1,0,0,0,1,0,0,0,0,0,0,0,0,1,0,0,0,0,0,0,0,0,0,1,0,0,0,0,0,0,0,0
0.196338061116281,-0.479537394747125,-0.445407334767733,-0.81501343889775,0,0,0,0,1,0,1,0,0,1,0,0,0,0,0,0,0,0,1,0,0,0,0,0,0,0,0,0,0,0,0,1,0,0,0,0,0
-0.114301428134465,-0.479537394747125,-0.445407334767733,-0.859398495093162,0,0,0,0,1,1,0,0,0,1,0,0,0,0,0,0,0,0,1,0,0,0,0,0,0,0,0,0,1,0,0,0,0,0,0,0,0
-0.114301428134465,-0.479537394747125,-0.445407334767733,-0.836967831461823,0,1,0,0,1,0,1,0,1,0,0,0,0,0,0,0,0,0,1,0,0,0,0,0,0,0,0,0,0,0,0,1,0,0,0,0,0
-0.114301428134465,0.480271755229126,-0.445407334767733,0.329618878325901,0,1,0,1,0,1,0,0,0,1,0,0,0,0,0,0,0,0,1,0,0,0,0,0,0,0,0,0,0,0,0,0,1,0,0,0,0
-0.968560023574017,0.480271755229126,-0.445407334767733,1.12023160608366,1,1,1,0,0,1,0,0,0,1,0,1,0,0,0,0,0,0,0,0,0,0,0,0,0,0,0,0,0,0,0,0,1,0,0,0,0
-0.347281045072525,0.480271755229126,1.86470134198396,2.12017330149812,2,1,1,0,0,1,0,0,0,1,0,0,1,0,0,0,0,0,0,0,0,0,0,0,0,0,0,0,0,0,0,0,1,0,0,0,0
-0.114301428134465,-0.479537394747125,-0.445407334767733,-0.800631940794324,0,1,0,0,1,0,1,0,0,1,0,0,0,0,0,0,0,0,1,0,0,0,0,0,0,0,0,0,0,0,0,1,0,0,0,0,0
-0.114301428134465,-0.479537394747125,-0.445407334767733,-3.0783194353752,0,1,0,1,0,0,1,0,0,1,0,0,0,0,0,0,0,0,1,0,0,0,0,0,0,0,0,0,0,0,0,1,0,0,0,0,0
-0.114301428134465,-0.479537394747125,-0.445407334767733,-0.349499730001547,0,1,0,1,0,1,0,0,0,1,0,0,0,0,0,0,0,0,1,0,0,0,0,0,0,0,0,0,1,0,0,0,0,0,0,0,0
0.584637422679714,0.480271755229126,-0.445407334767733,1.04825517330168,1,1,1,0,0,0,1,0,0,1,0,0,1,0,0,0,0,0,0,0,0,0,0,0,0,0,0,0,0,0,0,1,0,0,0,0,0
-0.424940917385211,0.480271755229126,-0.445407334767733,0.329618878325901,0,1,0,1,0,1,0,0,0,1,0,0,0,0,0,0,0,0,1,0,0,0,0,0,0,0,0,0,0,0,0,0,1,0,0,0,0
-0.657920534323271,-0.479537394747125,-0.445407334767733,-0.896331458446758,0,0,0,0,1,0,1,0,0,1,0,0,0,0,0,0,0,0,1,0,0,0,0,0,0,0,0,0,0,0,0,1,0,0,0,0,0
0.273997933428968,-0.479537394747125,-0.445407334767733,-0.832539503301492,0,1,0,0,1,0,1,0,0,1,0,0,0,0,0,0,0,0,1,0,0,0,0,0,0,0,0,0,0,0,0,1,0,0,0,0,0
1.43889601811927,-0.479537394747125,-0.445407334767733,0.326903905151958,1,1,1,0,0,1,0,0,0,1,0,0,0,1,0,0,0,0,0,0,0,0,0,0,0,0,0,0,0,0,0,0,1,0,0,0,0
1.67187563505733,-0.479537394747125,-0.445407334767733,-0.385191280331759,0,0,0,1,0,0,1,0,0,1,0,0,0,0,0,0,0,0,1,0,0,0,0,0,0,0,0,0,0,0,0,0,0,0,1,0,0
-2.211117980577,-0.479537394747125,1.86470134198396,-0.164571373868061,0,1,0,0,1,1,0,1,0,0,0,0,0,0,0,0,0,0,1,0,0,0,0,0,0,0,0,0,1,0,0,0,0,0,0,0,0
-0.114301428134465,-0.479537394747125,-0.445407334767733,-0.835489613847638,0,1,0,0,1,1,0,0,1,0,0,0,0,0,0,0,0,0,1,0,0,0,0,0,0,0,0,0,1,0,0,0,0,0,0,0,0
2.21549474124613,-0.479537394747125,-0.445407334767733,0.462412819043521,1,1,1,0,0,0,1,1,0,0,0,1,0,0,0,0,0,0,0,0,0,0,0,0,0,0,0,0,0,0,0,1,0,0,0,0,0
-0.269621172759838,-0.479537394747125,-0.445407334767733,-0.800631940794324,0,1,0,0,1,0,1,0,0,1,0,0,0,0,0,0,0,0,1,0,0,0,0,0,0,0,0,0,0,0,0,1,0,0,0,0,0
1.90485525199538,0.480271755229126,-0.445407334767733,0.329618878325901,0,1,0,1,0,0,1,0,0,1,0,0,0,0,0,0,0,0,1,0,0,0,0,0,0,0,0,0,0,0,0,0,0,0,1,0,0
0.0410183164909081,-0.479537394747125,-0.445407334767733,-0.646966745734622,0,1,0,0,1,0,1,0,0,1,0,0,0,0,0,0,0,0,1,0,0,0,0,0,0,0,0,0,0,0,0,1,0,0,0,0,0
-1.90047849132626,0.480271755229126,1.86470134198396,0.394555829445972,0,0,0,1,0,1,0,0,0,1,0,0,0,0,0,0,0,0,1,0,0,0,0,0,0,0,0,0,1,0,0,0,0,0,0,0,0
1.24474633733755,-0.479537394747125,-0.445407334767733,-0.899469588457921,0,1,0,0,1,0,1,1,0,0,0,0,0,0,0,0,0,0,1,0,0,0,0,0,0,0,0,0,0,0,0,1,0,0,0,0,0
2.75911384743494,-0.479537394747125,0.709647003608115,1.20539447417996,1,1,1,0,0,0,1,1,0,0,0,1,0,0,0,0,0,0,0,0,0,0,0,0,0,0,0,0,0,0,0,1,0,0,0,0,0
1.67187563505733,-0.479537394747125,-0.445407334767733,0.350470443748243,1,1,1,0,0,0,1,0,0,1,0,0,0,0,1,0,0,0,0,0,0,0,0,0,0,0,0,0,0,0,0,1,0,0,0,0,0
0.739957167305087,0.480271755229126,-0.445407334767733,1.10043266612775,1,1,1,0,0,1,0,0,0,1,0,0,0,0,1,0,0,0,0,0,0,0,0,0,0,0,0,0,0,0,0,0,1,0,0,0,0
-0.580260662010584,-0.479537394747125,-0.445407334767733,-0.800631940794324,0,1,0,0,1,0,1,0,0,1,0,0,0,0,0,0,0,0,1,0,0,0,0,0,0,0,0,0,0,0,0,1,0,0,0,0,0
-1.12387976819939,-0.479537394747125,-0.445407334767733,-0.803011192179976,0,1,0,0,1,1,0,0,1,0,0,0,0,0,0,0,0,0,1,0,0,0,0,0,0,0,0,0,1,0,0,0,0,0,0,0,0
-0.347281045072525,-0.479537394747125,-0.445407334767733,-0.847374952118239,2,1,0,0,1,0,1,0,0,1,0,0,0,0,0,1,0,0,0,0,0,0,0,0,0,0,0,0,0,0,0,1,0,0,0,0,0
0.817617039617773,0.480271755229126,0.709647003608115,-0.179608231630037,0,1,0,0,1,0,1,0,1,0,0,0,0,0,0,0,0,0,1,0,0,0,0,0,0,0,0,0,0,0,0,1,0,0,0,0,0
0.6622972949924,-0.479537394747125,0.709647003608115,2.13305600515991,1,0,1,0,0,0,1,0,0,1,0,0,1,0,0,0,0,0,0,0,0,0,0,0,0,0,0,0,0,0,0,1,0,0,0,0,0
0.235167997272624,0.480271755229126,-0.445407334767733,0.474826990221092,0,1,0,1,0,0,1,1,0,0,0,0,0,0,0,0,0,0,1,0,0,0,0,0,0,0,0,0,0,0,0,1,0,0,0,0,0
2.44847435818419,-0.479537394747125,-0.445407334767733,0.547118311550453,1,1,1,0,0,0,1,0,0,1,0,0,0,1,0,0,0,0,0,0,0,0,0,0,0,0,0,0,0,0,0,1,0,0,0,0,0
0.351657805741654,0.480271755229126,-0.445407334767733,0.117858784103039,0,1,0,1,0,0,1,0,0,1,0,0,0,0,0,0,0,0,1,0,0,0,0,0,0,0,0,0,0,0,0,1,0,0,0,0,0
-0.580260662010584,-0.479537394747125,-0.445407334767733,-0.818401974534245,0,1,0,0,1,0,1,0,0,1,0,0,0,0,0,0,0,0,1,0,0,0,0,0,0,0,0,0,0,0,0,1,0,0,0,0,0
-0.114301428134465,-0.479537394747125,-0.445407334767733,-0.800631940794324,0,0,0,0,1,0,1,0,0,1,0,0,0,0,0,0,0,0,1,0,0,0,0,0,0,0,0,0,0,0,0,1,0,0,0,0,0
-0.735580406635957,-0.479537394747125,-0.445407334767733,-0.732916849994079,0,1,0,0,1,1,0,0,0,1,0,0,0,0,0,0,0,0,1,0,0,0,0,0,0,0,0,0,1,0,0,0,0,0,0,0,0
-0.813240278948644,-0.479537394747125,-0.445407334767733,-3.0783194353752,0,0,0,0,1,0,1,0,0,1,0,0,0,0,0,0,0,0,1,0,0,0,0,0,0,0,0,0,0,0,0,1,0,0,0,0,0
-0.114301428134465,-0.479537394747125,-0.445407334767733,-0.899469588457921,0,1,0,0,1,0,1,1,0,0,0,0,0,0,0,0,0,0,1,0,0,0,0,0,0,0,0,0,0,0,0,1,0,0,0,0,0
0.0410183164909081,-0.479537394747125,-0.445407334767733,0.394555829445972,1,1,1,0,0,0,1,1,0,0,0,0,1,0,0,0,0,0,0,0,0,0,0,0,0,0,0,0,0,0,0,1,0,0,0,0,0
0.0798482526472514,-0.479537394747125,-0.445407334767733,-0.800631940794324,0,1,0,0,1,0,1,0,0,1,0,0,0,0,0,0,0,0,1,0,0,0,0,0,0,0,0,0,0,0,0,1,0,0,0,0,0
-0.968560023574017,-0.479537394747125,-0.445407334767733,-0.552900740341379,0,0,0,1,0,1,0,0,0,1,0,0,0,0,0,0,0,0,1,0,0,0,0,0,0,0,0,0,1,0,0,0,0,0,0,0,0
-0.269621172759838,-0.479537394747125,-0.445407334767733,0.472468130488776,1,1,1,0,0,0,1,1,0,0,0,0,1,0,0,0,0,0,0,0,0,0,0,0,0,0,0,0,0,0,0,1,0,0,0,0,0
-0.114301428134465,0.480271755229126,-0.445407334767733,1.02701419576884,1,1,1,0,0,1,0,0,0,1,0,0,1,0,0,0,0,0,0,0,0,0,0,0,0,0,0,0,0,0,0,0,1,0,0,0,0
0.429317678054341,-0.479537394747125,-0.445407334767733,-0.912118223794448,0,0,0,0,1,0,1,0,0,1,0,0,0,0,0,0,0,0,1,0,0,0,0,0,0,0,0,0,0,0,0,1,0,0,0,0,0
3.92401193212523,-0.479537394747125,-0.445407334767733,0.472468130488776,1,1,1,0,0,0,1,0,0,1,1,0,0,0,0,0,0,0,0,0,0,0,0,0,0,0,0,0,0,0,0,1,0,0,0,0,0
-0.580260662010584,-0.479537394747125,-0.445407334767733,-0.896331458446758,0,0,0,0,1,0,1,0,0,1,0,0,0,0,0,0,0,0,1,0,0,0,0,0,0,0,0,0,0,0,0,1,0,0,0,0,0
0.196338061116281,-0.479537394747125,-0.445407334767733,-0.81501343889775,0,0,0,0,1,0,1,0,0,1,0,0,0,0,0,0,0,0,1,0,0,0,0,0,0,0,0,0,0,0,0,1,0,0,0,0,0
-0.114301428134465,-0.479537394747125,-0.445407334767733,-0.818401974534245,0,1,0,0,1,0,1,0,0,1,0,0,0,0,0,0,0,0,1,0,0,0,0,0,0,0,0,0,0,0,0,1,0,0,0,0,0
0.506977550367027,-0.479537394747125,0.709647003608115,3.37487052232755,3,0,1,0,0,0,1,1,0,0,0,1,0,0,0,0,0,0,0,0,0,0,0,0,0,0,0,0,0,0,0,1,0,0,0,0,0
-2.21733077036202,0.480271755229126,1.86470134198396,2.12017330149812,2,1,1,0,0,0,1,0,0,1,0,0,1,0,0,0,0,0,0,0,0,0,0,0,0,0,0,1,0,0,0,0,0,0,0,0,0
-0.114301428134465,-0.479537394747125,-0.445407334767733,-0.800631940794324,0,0,0,0,1,1,0,0,0,1,0,0,0,0,0,0,0,0,1,0,0,0,0,0,0,0,0,0,1,0,0,0,0,0,0,0,0
-0.114301428134465,-0.479537394747125,-0.445407334767733,-0.349499730001547,0,1,0,1,0,0,1,0,0,1,0,0,0,0,0,0,0,0,1,0,0,0,0,0,0,0,0,0,0,0,0,1,0,0,0,0,0
-0.89090015126133,-0.479537394747125,-0.445407334767733,-0.83009140971636,0,1,0,0,1,0,1,0,0,1,0,0,0,0,0,0,0,0,1,0,0,0,0,0,0,0,0,0,0,0,0,1,0,0,0,0,0
-2.23674573844019,0.480271755229126,0.709647003608115,-0.244255096327945,0,1,0,1,0,0,1,0,0,1,0,0,0,0,0,0,0,0,1,0,0,0,0,0,0,0,0,1,0,0,0,0,0,0,0,0,0
1.43889601811927,0.480271755229126,1.86470134198396,1.2538382220034,0,1,0,1,0,1,0,0,0,1,0,0,0,0,0,0,0,0,1,0,0,0,0,0,0,0,0,0,0,0,0,0,1,0,0,0,0
2.29315461355882,-0.479537394747125,-0.445407334767733,-0.31321484754978,0,1,0,1,0,0,1,0,0,1,0,0,0,0,0,0,0,0,1,0,0,0,0,0,0,0,0,0,0,0,0,1,0,0,0,0,0
-0.114301428134465,-0.479537394747125,-0.445407334767733,-0.646966745734622,0,1,0,0,1,0,1,0,0,1,0,0,0,0,0,0,0,0,1,0,0,0,0,0,0,0,0,0,0,0,0,1,0,0,0,0,0
-0.114301428134465,-0.479537394747125,-0.445407334767733,-0.818401974534245,0,1,0,0,1,0,1,0,0,1,0,0,0,0,0,0,0,0,1,0,0,0,0,0,0,0,0,0,0,0,0,1,0,0,0,0,0
-0.114301428134465,-0.479537394747125,-0.445407334767733,-0.849864359234861,0,1,0,0,1,1,0,0,1,0,0,0,0,0,0,0,0,0,1,0,0,0,0,0,0,0,0,0,1,0,0,0,0,0,0,0,0
-0.114301428134465,1.44008090520538,-0.445407334767733,0.218544939952834,0,1,0,0,1,1,0,0,1,0,0,0,0,0,0,0,0,0,1,0,0,0,0,0,0,0,0,0,1,0,0,0,0,0,0,0,0
-0.580260662010584,0.480271755229126,0.709647003608115,0.438563025945961,0,1,0,1,0,1,0,0,0,1,0,0,0,0,0,0,0,0,1,0,0,0,0,0,0,0,0,0,0,0,0,0,1,0,0,0,0
-1.82281861901357,-0.479537394747125,0.709647003608115,0.567983348515909,0,1,0,1,0,1,0,0,0,1,0,0,0,0,0,0,0,0,1,0,0,0,0,0,0,0,0,0,1,0,0,0,0,0,0,0,0
2.06017499662076,-0.479537394747125,-0.445407334767733,0.495420092722626,1,1,1,0,0,0,1,1,0,0,1,0,0,0,0,0,0,0,0,0,0,0,0,0,0,0,0,0,0,0,0,1,0,0,0,0,0
-0.0366415558217784,-0.479537394747125,-0.445407334767733,2.4621054697459,1,1,1,0,0,1,0,0,0,1,0,1,0,0,0,0,0,0,0,0,0,0,0,0,0,0,0,0,1,0,0,0,0,0,0,0,0
-0.191961300447152,-0.479537394747125,0.709647003608115,-0.389020962654057,1,1,0,0,1,1,0,0,0,1,0,0,0,0,1,0,0,0,0,0,0,0,0,0,0,0,0,0,0,0,0,0,1,0,0,0,0
-0.114301428134465,-0.479537394747125,-0.445407334767733,-0.818401974534245,0,1,0,0,1,0,1,0,0,1,0,0,0,0,0,0,0,0,1,0,0,0,0,0,0,0,0,0,0,0,0,1,0,0,0,0,0
